"calendar_week;""Employee_employee_id"";""employee_MonStartDateTime"";""employee_MonEndDateTime"";""employee_TueStartDateTime"";""employee_TueEndDateTime"";""employee_WedStartDateTime"";""employee_WedEndDateTime"";""employee_ThuStartDateTime"";""employee_ThuEndDateTime"";""employee_FriStartDateTime"";""employee_FriEndDateTime"";""employee_SatStartDateTime"";""employee_SatEndDateTime"""
"10;1;""2022-02-28 08:00:00"";""2022-02-28 12:00:00"";""2022-03-01 12:00:00"";""2022-03-01 16:00:00"";""2022-03-02 08:00:00"";""2022-03-02 12:00:00"";""2022-03-03 12:00:00"";""2022-03-03 16:00:00"";""2022-03-04 08:00:00"";""2022-03-04 12:00:00"";""2022-03-05 12:00:00"";""2022-03-05 16:00:00"""
"10;2;""2022-02-28 08:00:00"";""2022-02-28 17:00:00"";""2022-03-01 08:00:00"";""2022-03-01 17:00:00"";"""";"""";""2022-03-03 08:00:00"";""2022-03-03 17:00:00"";""2022-03-04 08:00:00"";""2022-03-04 17:00:00"";""2022-03-05 08:00:00"";""2022-03-05 17:00:00"""
"10;3;""2022-02-28 12:00:00"";""2022-02-28 16:00:00"";""2022-03-01 08:00:00"";""2022-03-01 12:00:00"";""2022-03-02 12:00:00"";""2022-03-02 16:00:00"";""2022-03-03 08:00:00"";""2022-03-03 12:00:00"";""2022-03-04 12:00:00"";""2022-03-04 16:00:00"";""2022-03-05 08:00:00"";""2022-03-05 12:00:00"""
"10;4;"""";"""";""2022-03-01 08:00:00"";""2022-03-01 17:00:00"";""2022-03-02 08:00:00"";""2022-03-02 17:00:00"";""2022-03-03 08:00:00"";""2022-03-03 17:00:00"";""2022-03-04 08:00:00"";""2022-03-04 17:00:00"";""2022-03-05 08:00:00"";""2022-03-05 17:00:00"""
"10;5;""2022-02-28 12:00:00"";""2022-02-28 16:00:00"";""2022-03-01 08:00:00"";""2022-03-01 12:00:00"";""2022-03-02 12:00:00"";""2022-03-02 16:00:00"";""2022-03-03 08:00:00"";""2022-03-03 12:00:00"";""2022-03-04 12:00:00"";""2022-03-04 16:00:00"";""2022-03-05 08:00:00"";""2022-03-05 12:00:00"""
"10;6;""2022-02-28 08:00:00"";""2022-02-28 12:00:00"";""2022-03-01 12:00:00"";""2022-03-01 16:00:00"";""2022-03-02 08:00:00"";""2022-03-02 12:00:00"";""2022-03-03 12:00:00"";""2022-03-03 16:00:00"";""2022-03-04 08:00:00"";""2022-03-04 12:00:00"";""2022-03-05 12:00:00"";""2022-03-05 16:00:00"""
"10;7;""2022-02-28 08:00:00"";""2022-02-28 17:00:00"";"""";"""";""2022-03-02 08:00:00"";""2022-03-02 17:00:00"";""2022-03-03 08:00:00"";""2022-03-03 17:00:00"";""2022-03-04 08:00:00"";""2022-03-04 17:00:00"";""2022-03-05 08:00:00"";""2022-03-05 17:00:00"""
"10;8;""2022-02-28 08:00:00"";""2022-02-28 12:00:00"";""2022-03-01 12:00:00"";""2022-03-01 16:00:00"";""2022-03-02 08:00:00"";""2022-03-02 12:00:00"";""2022-03-03 12:00:00"";""2022-03-03 16:00:00"";""2022-03-04 08:00:00"";""2022-03-04 12:00:00"";""2022-03-05 12:00:00"";""2022-03-05 16:00:00"""
"10;9;""2022-02-28 08:00:00"";""2022-02-28 12:00:00"";""2022-03-01 12:00:00"";""2022-03-01 16:00:00"";""2022-03-02 08:00:00"";""2022-03-02 12:00:00"";""2022-03-03 12:00:00"";""2022-03-03 16:00:00"";""2022-03-04 08:00:00"";""2022-03-04 12:00:00"";""2022-03-05 12:00:00"";""2022-03-05 16:00:00"""
"10;10;""2022-02-28 08:00:00"";""2022-02-28 12:00:00"";""2022-03-01 12:00:00"";""2022-03-01 16:00:00"";""2022-03-02 08:00:00"";""2022-03-02 12:00:00"";""2022-03-03 12:00:00"";""2022-03-03 16:00:00"";""2022-03-04 08:00:00"";""2022-03-04 12:00:00"";""2022-03-05 12:00:00"";""2022-03-05 16:00:00"""
"10;11;""2022-02-28 12:00:00"";""2022-02-28 16:00:00"";""2022-03-01 08:00:00"";""2022-03-01 12:00:00"";""2022-03-02 12:00:00"";""2022-03-02 16:00:00"";""2022-03-03 08:00:00"";""2022-03-03 12:00:00"";""2022-03-04 12:00:00"";""2022-03-04 16:00:00"";""2022-03-05 08:00:00"";""2022-03-05 12:00:00"""
"10;12;""2022-02-28 12:00:00"";""2022-02-28 16:00:00"";""2022-03-01 08:00:00"";""2022-03-01 12:00:00"";""2022-03-02 12:00:00"";""2022-03-02 16:00:00"";""2022-03-03 08:00:00"";""2022-03-03 12:00:00"";""2022-03-04 12:00:00"";""2022-03-04 16:00:00"";""2022-03-05 08:00:00"";""2022-03-05 12:00:00"""
"10;13;""2022-02-28 08:00:00"";""2022-02-28 12:00:00"";""2022-03-01 12:00:00"";""2022-03-01 16:00:00"";""2022-03-02 08:00:00"";""2022-03-02 12:00:00"";""2022-03-03 12:00:00"";""2022-03-03 16:00:00"";""2022-03-04 08:00:00"";""2022-03-04 12:00:00"";""2022-03-05 12:00:00"";""2022-03-05 16:00:00"""
"10;14;""2022-02-28 12:00:00"";""2022-02-28 16:00:00"";""2022-03-01 08:00:00"";""2022-03-01 12:00:00"";""2022-03-02 12:00:00"";""2022-03-02 16:00:00"";""2022-03-03 08:00:00"";""2022-03-03 12:00:00"";""2022-03-04 12:00:00"";""2022-03-04 16:00:00"";""2022-03-05 08:00:00"";""2022-03-05 12:00:00"""
"10;15;""2022-02-28 08:00:00"";""2022-02-28 12:00:00"";""2022-03-01 12:00:00"";""2022-03-01 16:00:00"";""2022-03-02 08:00:00"";""2022-03-02 12:00:00"";""2022-03-03 12:00:00"";""2022-03-03 16:00:00"";""2022-03-04 08:00:00"";""2022-03-04 12:00:00"";""2022-03-05 12:00:00"";""2022-03-05 16:00:00"""
"10;16;""2022-02-28 08:00:00"";""2022-02-28 12:00:00"";""2022-03-01 12:00:00"";""2022-03-01 16:00:00"";""2022-03-02 08:00:00"";""2022-03-02 12:00:00"";""2022-03-03 12:00:00"";""2022-03-03 16:00:00"";""2022-03-04 08:00:00"";""2022-03-04 12:00:00"";""2022-03-05 12:00:00"";""2022-03-05 16:00:00"""
"10;17;""2022-02-28 12:00:00"";""2022-02-28 16:00:00"";""2022-03-01 08:00:00"";""2022-03-01 12:00:00"";""2022-03-02 12:00:00"";""2022-03-02 16:00:00"";""2022-03-03 08:00:00"";""2022-03-03 12:00:00"";""2022-03-04 12:00:00"";""2022-03-04 16:00:00"";""2022-03-05 08:00:00"";""2022-03-05 12:00:00"""
"10;18;""2022-02-28 08:00:00"";""2022-02-28 17:00:00"";""2022-03-01 08:00:00"";""2022-03-01 17:00:00"";""2022-03-02 08:00:00"";""2022-03-02 17:00:00"";"""";"""";""2022-03-04 08:00:00"";""2022-03-04 17:00:00"";""2022-03-05 08:00:00"";""2022-03-05 17:00:00"""
"10;19;""2022-02-28 08:00:00"";""2022-02-28 17:00:00"";""2022-03-01 08:00:00"";""2022-03-01 17:00:00"";""2022-03-02 08:00:00"";""2022-03-02 17:00:00"";""2022-03-03 08:00:00"";""2022-03-03 17:00:00"";"""";"""";""2022-03-05 08:00:00"";""2022-03-05 17:00:00"""
"10;20;"""";"""";""2022-03-01 08:00:00"";""2022-03-01 17:00:00"";""2022-03-02 08:00:00"";""2022-03-02 17:00:00"";""2022-03-03 08:00:00"";""2022-03-03 17:00:00"";""2022-03-04 08:00:00"";""2022-03-04 17:00:00"";""2022-03-05 08:00:00"";""2022-03-05 17:00:00"""
"10;21;""2022-02-28 12:00:00"";""2022-02-28 16:00:00"";""2022-03-01 08:00:00"";""2022-03-01 12:00:00"";""2022-03-02 12:00:00"";""2022-03-02 16:00:00"";""2022-03-03 08:00:00"";""2022-03-03 12:00:00"";""2022-03-04 12:00:00"";""2022-03-04 16:00:00"";""2022-03-05 08:00:00"";""2022-03-05 12:00:00"""
"11;1;""2022-03-07 08:00:00"";""2022-03-07 12:00:00"";""2022-03-08 12:00:00"";""2022-03-08 16:00:00"";""2022-03-09 08:00:00"";""2022-03-09 12:00:00"";""2022-03-10 12:00:00"";""2022-03-10 16:00:00"";""2022-03-11 08:00:00"";""2022-03-11 12:00:00"";""2022-03-12 12:00:00"";""2022-03-12 16:00:00"""
"11;2;""2022-03-07 08:00:00"";""2022-03-07 17:00:00"";""2022-03-08 08:00:00"";""2022-03-08 17:00:00"";"""";"""";""2022-03-10 08:00:00"";""2022-03-10 17:00:00"";""2022-03-11 08:00:00"";""2022-03-11 17:00:00"";""2022-03-12 08:00:00"";""2022-03-12 17:00:00"""
"11;3;""2022-03-07 12:00:00"";""2022-03-07 16:00:00"";""2022-03-08 08:00:00"";""2022-03-08 12:00:00"";""2022-03-09 12:00:00"";""2022-03-09 16:00:00"";""2022-03-10 08:00:00"";""2022-03-10 12:00:00"";""2022-03-11 12:00:00"";""2022-03-11 16:00:00"";""2022-03-12 08:00:00"";""2022-03-12 12:00:00"""
"11;4;"""";"""";""2022-03-08 08:00:00"";""2022-03-08 17:00:00"";""2022-03-09 08:00:00"";""2022-03-09 17:00:00"";""2022-03-10 08:00:00"";""2022-03-10 17:00:00"";""2022-03-11 08:00:00"";""2022-03-11 17:00:00"";""2022-03-12 08:00:00"";""2022-03-12 17:00:00"""
"11;5;""2022-03-07 12:00:00"";""2022-03-07 16:00:00"";""2022-03-08 08:00:00"";""2022-03-08 12:00:00"";""2022-03-09 12:00:00"";""2022-03-09 16:00:00"";""2022-03-10 08:00:00"";""2022-03-10 12:00:00"";""2022-03-11 12:00:00"";""2022-03-11 16:00:00"";""2022-03-12 08:00:00"";""2022-03-12 12:00:00"""
"11;6;""2022-03-07 08:00:00"";""2022-03-07 12:00:00"";""2022-03-08 12:00:00"";""2022-03-08 16:00:00"";""2022-03-09 08:00:00"";""2022-03-09 12:00:00"";""2022-03-10 12:00:00"";""2022-03-10 16:00:00"";""2022-03-11 08:00:00"";""2022-03-11 12:00:00"";""2022-03-12 12:00:00"";""2022-03-12 16:00:00"""
"11;7;""2022-03-07 08:00:00"";""2022-03-07 17:00:00"";"""";"""";""2022-03-09 08:00:00"";""2022-03-09 17:00:00"";""2022-03-10 08:00:00"";""2022-03-10 17:00:00"";""2022-03-11 08:00:00"";""2022-03-11 17:00:00"";""2022-03-12 08:00:00"";""2022-03-12 17:00:00"""
"11;8;""2022-03-07 08:00:00"";""2022-03-07 12:00:00"";""2022-03-08 12:00:00"";""2022-03-08 16:00:00"";""2022-03-09 08:00:00"";""2022-03-09 12:00:00"";""2022-03-10 12:00:00"";""2022-03-10 16:00:00"";""2022-03-11 08:00:00"";""2022-03-11 12:00:00"";""2022-03-12 12:00:00"";""2022-03-12 16:00:00"""
"11;9;""2022-03-07 08:00:00"";""2022-03-07 12:00:00"";""2022-03-08 12:00:00"";""2022-03-08 16:00:00"";""2022-03-09 08:00:00"";""2022-03-09 12:00:00"";""2022-03-10 12:00:00"";""2022-03-10 16:00:00"";""2022-03-11 08:00:00"";""2022-03-11 12:00:00"";""2022-03-12 12:00:00"";""2022-03-12 16:00:00"""
"11;10;""2022-03-07 08:00:00"";""2022-03-07 12:00:00"";""2022-03-08 12:00:00"";""2022-03-08 16:00:00"";""2022-03-09 08:00:00"";""2022-03-09 12:00:00"";""2022-03-10 12:00:00"";""2022-03-10 16:00:00"";""2022-03-11 08:00:00"";""2022-03-11 12:00:00"";""2022-03-12 12:00:00"";""2022-03-12 16:00:00"""
"11;11;""2022-03-07 12:00:00"";""2022-03-07 16:00:00"";""2022-03-08 08:00:00"";""2022-03-08 12:00:00"";""2022-03-09 12:00:00"";""2022-03-09 16:00:00"";""2022-03-10 08:00:00"";""2022-03-10 12:00:00"";""2022-03-11 12:00:00"";""2022-03-11 16:00:00"";""2022-03-12 08:00:00"";""2022-03-12 12:00:00"""
"11;12;""2022-03-07 12:00:00"";""2022-03-07 16:00:00"";""2022-03-08 08:00:00"";""2022-03-08 12:00:00"";""2022-03-09 12:00:00"";""2022-03-09 16:00:00"";""2022-03-10 08:00:00"";""2022-03-10 12:00:00"";""2022-03-11 12:00:00"";""2022-03-11 16:00:00"";""2022-03-12 08:00:00"";""2022-03-12 12:00:00"""
"11;13;""2022-03-07 08:00:00"";""2022-03-07 12:00:00"";""2022-03-08 12:00:00"";""2022-03-08 16:00:00"";""2022-03-09 08:00:00"";""2022-03-09 12:00:00"";""2022-03-10 12:00:00"";""2022-03-10 16:00:00"";""2022-03-11 08:00:00"";""2022-03-11 12:00:00"";""2022-03-12 12:00:00"";""2022-03-12 16:00:00"""
"11;14;""2022-03-07 12:00:00"";""2022-03-07 16:00:00"";""2022-03-08 08:00:00"";""2022-03-08 12:00:00"";""2022-03-09 12:00:00"";""2022-03-09 16:00:00"";""2022-03-10 08:00:00"";""2022-03-10 12:00:00"";""2022-03-11 12:00:00"";""2022-03-11 16:00:00"";""2022-03-12 08:00:00"";""2022-03-12 12:00:00"""
"11;15;""2022-03-07 08:00:00"";""2022-03-07 12:00:00"";""2022-03-08 12:00:00"";""2022-03-08 16:00:00"";""2022-03-09 08:00:00"";""2022-03-09 12:00:00"";""2022-03-10 12:00:00"";""2022-03-10 16:00:00"";""2022-03-11 08:00:00"";""2022-03-11 12:00:00"";""2022-03-12 12:00:00"";""2022-03-12 16:00:00"""
"11;16;""2022-03-07 08:00:00"";""2022-03-07 12:00:00"";""2022-03-08 12:00:00"";""2022-03-08 16:00:00"";""2022-03-09 08:00:00"";""2022-03-09 12:00:00"";""2022-03-10 12:00:00"";""2022-03-10 16:00:00"";""2022-03-11 08:00:00"";""2022-03-11 12:00:00"";""2022-03-12 12:00:00"";""2022-03-12 16:00:00"""
"11;17;""2022-03-07 12:00:00"";""2022-03-07 16:00:00"";""2022-03-08 08:00:00"";""2022-03-08 12:00:00"";""2022-03-09 12:00:00"";""2022-03-09 16:00:00"";""2022-03-10 08:00:00"";""2022-03-10 12:00:00"";""2022-03-11 12:00:00"";""2022-03-11 16:00:00"";""2022-03-12 08:00:00"";""2022-03-12 12:00:00"""
"11;18;""2022-03-07 08:00:00"";""2022-03-07 17:00:00"";""2022-03-08 08:00:00"";""2022-03-08 17:00:00"";""2022-03-09 08:00:00"";""2022-03-09 17:00:00"";"""";"""";""2022-03-11 08:00:00"";""2022-03-11 17:00:00"";""2022-03-12 08:00:00"";""2022-03-12 17:00:00"""
"11;19;""2022-03-07 08:00:00"";""2022-03-07 17:00:00"";""2022-03-08 08:00:00"";""2022-03-08 17:00:00"";""2022-03-09 08:00:00"";""2022-03-09 17:00:00"";""2022-03-10 08:00:00"";""2022-03-10 17:00:00"";"""";"""";""2022-03-12 08:00:00"";""2022-03-12 17:00:00"""
"11;20;"""";"""";""2022-03-08 08:00:00"";""2022-03-08 17:00:00"";""2022-03-09 08:00:00"";""2022-03-09 17:00:00"";""2022-03-10 08:00:00"";""2022-03-10 17:00:00"";""2022-03-11 08:00:00"";""2022-03-11 17:00:00"";""2022-03-12 08:00:00"";""2022-03-12 17:00:00"""
"11;21;""2022-03-07 12:00:00"";""2022-03-07 16:00:00"";""2022-03-08 08:00:00"";""2022-03-08 12:00:00"";""2022-03-09 12:00:00"";""2022-03-09 16:00:00"";""2022-03-10 08:00:00"";""2022-03-10 12:00:00"";""2022-03-11 12:00:00"";""2022-03-11 16:00:00"";""2022-03-12 08:00:00"";""2022-03-12 12:00:00"""
"12;1;""2022-03-14 08:00:00"";""2022-03-14 12:00:00"";""2022-03-15 12:00:00"";""2022-03-15 16:00:00"";""2022-03-16 08:00:00"";""2022-03-16 12:00:00"";""2022-03-17 12:00:00"";""2022-03-17 16:00:00"";""2022-03-18 08:00:00"";""2022-03-18 12:00:00"";""2022-03-19 12:00:00"";""2022-03-19 16:00:00"""
"12;2;""2022-03-14 08:00:00"";""2022-03-14 17:00:00"";""2022-03-15 08:00:00"";""2022-03-15 17:00:00"";"""";"""";""2022-03-17 08:00:00"";""2022-03-17 17:00:00"";""2022-03-18 08:00:00"";""2022-03-18 17:00:00"";""2022-03-19 08:00:00"";""2022-03-19 17:00:00"""
"12;3;""2022-03-14 12:00:00"";""2022-03-14 16:00:00"";""2022-03-15 08:00:00"";""2022-03-15 12:00:00"";""2022-03-16 12:00:00"";""2022-03-16 16:00:00"";""2022-03-17 08:00:00"";""2022-03-17 12:00:00"";""2022-03-18 12:00:00"";""2022-03-18 16:00:00"";""2022-03-19 08:00:00"";""2022-03-19 12:00:00"""
"12;4;"""";"""";""2022-03-15 08:00:00"";""2022-03-15 17:00:00"";""2022-03-16 08:00:00"";""2022-03-16 17:00:00"";""2022-03-17 08:00:00"";""2022-03-17 17:00:00"";""2022-03-18 08:00:00"";""2022-03-18 17:00:00"";""2022-03-19 08:00:00"";""2022-03-19 17:00:00"""
"12;5;""2022-03-14 12:00:00"";""2022-03-14 16:00:00"";""2022-03-15 08:00:00"";""2022-03-15 12:00:00"";""2022-03-16 12:00:00"";""2022-03-16 16:00:00"";""2022-03-17 08:00:00"";""2022-03-17 12:00:00"";""2022-03-18 12:00:00"";""2022-03-18 16:00:00"";""2022-03-19 08:00:00"";""2022-03-19 12:00:00"""
"12;6;""2022-03-14 08:00:00"";""2022-03-14 12:00:00"";""2022-03-15 12:00:00"";""2022-03-15 16:00:00"";""2022-03-16 08:00:00"";""2022-03-16 12:00:00"";""2022-03-17 12:00:00"";""2022-03-17 16:00:00"";""2022-03-18 08:00:00"";""2022-03-18 12:00:00"";""2022-03-19 12:00:00"";""2022-03-19 16:00:00"""
"12;7;""2022-03-14 08:00:00"";""2022-03-14 17:00:00"";"""";"""";""2022-03-16 08:00:00"";""2022-03-16 17:00:00"";""2022-03-17 08:00:00"";""2022-03-17 17:00:00"";""2022-03-18 08:00:00"";""2022-03-18 17:00:00"";""2022-03-19 08:00:00"";""2022-03-19 17:00:00"""
"12;8;""2022-03-14 08:00:00"";""2022-03-14 12:00:00"";""2022-03-15 12:00:00"";""2022-03-15 16:00:00"";""2022-03-16 08:00:00"";""2022-03-16 12:00:00"";""2022-03-17 12:00:00"";""2022-03-17 16:00:00"";""2022-03-18 08:00:00"";""2022-03-18 12:00:00"";""2022-03-19 12:00:00"";""2022-03-19 16:00:00"""
"12;9;""2022-03-14 08:00:00"";""2022-03-14 12:00:00"";""2022-03-15 12:00:00"";""2022-03-15 16:00:00"";""2022-03-16 08:00:00"";""2022-03-16 12:00:00"";""2022-03-17 12:00:00"";""2022-03-17 16:00:00"";""2022-03-18 08:00:00"";""2022-03-18 12:00:00"";""2022-03-19 12:00:00"";""2022-03-19 16:00:00"""
"12;10;""2022-03-14 08:00:00"";""2022-03-14 12:00:00"";""2022-03-15 12:00:00"";""2022-03-15 16:00:00"";""2022-03-16 08:00:00"";""2022-03-16 12:00:00"";""2022-03-17 12:00:00"";""2022-03-17 16:00:00"";""2022-03-18 08:00:00"";""2022-03-18 12:00:00"";""2022-03-19 12:00:00"";""2022-03-19 16:00:00"""
"12;11;""2022-03-14 12:00:00"";""2022-03-14 16:00:00"";""2022-03-15 08:00:00"";""2022-03-15 12:00:00"";""2022-03-16 12:00:00"";""2022-03-16 16:00:00"";""2022-03-17 08:00:00"";""2022-03-17 12:00:00"";""2022-03-18 12:00:00"";""2022-03-18 16:00:00"";""2022-03-19 08:00:00"";""2022-03-19 12:00:00"""
"12;12;""2022-03-14 12:00:00"";""2022-03-14 16:00:00"";""2022-03-15 08:00:00"";""2022-03-15 12:00:00"";""2022-03-16 12:00:00"";""2022-03-16 16:00:00"";""2022-03-17 08:00:00"";""2022-03-17 12:00:00"";""2022-03-18 12:00:00"";""2022-03-18 16:00:00"";""2022-03-19 08:00:00"";""2022-03-19 12:00:00"""
"12;13;""2022-03-14 08:00:00"";""2022-03-14 12:00:00"";""2022-03-15 12:00:00"";""2022-03-15 16:00:00"";""2022-03-16 08:00:00"";""2022-03-16 12:00:00"";""2022-03-17 12:00:00"";""2022-03-17 16:00:00"";""2022-03-18 08:00:00"";""2022-03-18 12:00:00"";""2022-03-19 12:00:00"";""2022-03-19 16:00:00"""
"12;14;""2022-03-14 12:00:00"";""2022-03-14 16:00:00"";""2022-03-15 08:00:00"";""2022-03-15 12:00:00"";""2022-03-16 12:00:00"";""2022-03-16 16:00:00"";""2022-03-17 08:00:00"";""2022-03-17 12:00:00"";""2022-03-18 12:00:00"";""2022-03-18 16:00:00"";""2022-03-19 08:00:00"";""2022-03-19 12:00:00"""
"12;15;""2022-03-14 08:00:00"";""2022-03-14 12:00:00"";""2022-03-15 12:00:00"";""2022-03-15 16:00:00"";""2022-03-16 08:00:00"";""2022-03-16 12:00:00"";""2022-03-17 12:00:00"";""2022-03-17 16:00:00"";""2022-03-18 08:00:00"";""2022-03-18 12:00:00"";""2022-03-19 12:00:00"";""2022-03-19 16:00:00"""
"12;16;""2022-03-14 08:00:00"";""2022-03-14 12:00:00"";""2022-03-15 12:00:00"";""2022-03-15 16:00:00"";""2022-03-16 08:00:00"";""2022-03-16 12:00:00"";""2022-03-17 12:00:00"";""2022-03-17 16:00:00"";""2022-03-18 08:00:00"";""2022-03-18 12:00:00"";""2022-03-19 12:00:00"";""2022-03-19 16:00:00"""
"12;17;""2022-03-14 12:00:00"";""2022-03-14 16:00:00"";""2022-03-15 08:00:00"";""2022-03-15 12:00:00"";""2022-03-16 12:00:00"";""2022-03-16 16:00:00"";""2022-03-17 08:00:00"";""2022-03-17 12:00:00"";""2022-03-18 12:00:00"";""2022-03-18 16:00:00"";""2022-03-19 08:00:00"";""2022-03-19 12:00:00"""
"12;18;""2022-03-14 08:00:00"";""2022-03-14 17:00:00"";""2022-03-15 08:00:00"";""2022-03-15 17:00:00"";""2022-03-16 08:00:00"";""2022-03-16 17:00:00"";"""";"""";""2022-03-18 08:00:00"";""2022-03-18 17:00:00"";""2022-03-19 08:00:00"";""2022-03-19 17:00:00"""
"12;19;""2022-03-14 08:00:00"";""2022-03-14 17:00:00"";""2022-03-15 08:00:00"";""2022-03-15 17:00:00"";""2022-03-16 08:00:00"";""2022-03-16 17:00:00"";""2022-03-17 08:00:00"";""2022-03-17 17:00:00"";"""";"""";""2022-03-19 08:00:00"";""2022-03-19 17:00:00"""
"12;20;"""";"""";""2022-03-15 08:00:00"";""2022-03-15 17:00:00"";""2022-03-16 08:00:00"";""2022-03-16 17:00:00"";""2022-03-17 08:00:00"";""2022-03-17 17:00:00"";""2022-03-18 08:00:00"";""2022-03-18 17:00:00"";""2022-03-19 08:00:00"";""2022-03-19 17:00:00"""
"12;21;""2022-03-14 12:00:00"";""2022-03-14 16:00:00"";""2022-03-15 08:00:00"";""2022-03-15 12:00:00"";""2022-03-16 12:00:00"";""2022-03-16 16:00:00"";""2022-03-17 08:00:00"";""2022-03-17 12:00:00"";""2022-03-18 12:00:00"";""2022-03-18 16:00:00"";""2022-03-19 08:00:00"";""2022-03-19 12:00:00"""
"13;1;""2022-03-21 08:00:00"";""2022-03-21 12:00:00"";""2022-03-22 12:00:00"";""2022-03-22 16:00:00"";""2022-03-23 08:00:00"";""2022-03-23 12:00:00"";""2022-03-24 12:00:00"";""2022-03-24 16:00:00"";""2022-03-25 08:00:00"";""2022-03-25 12:00:00"";""2022-03-26 12:00:00"";""2022-03-26 16:00:00"""
"13;2;""2022-03-21 08:00:00"";""2022-03-21 17:00:00"";""2022-03-22 08:00:00"";""2022-03-22 17:00:00"";"""";"""";""2022-03-24 08:00:00"";""2022-03-24 17:00:00"";""2022-03-25 08:00:00"";""2022-03-25 17:00:00"";""2022-03-26 08:00:00"";""2022-03-26 17:00:00"""
"13;3;""2022-03-21 12:00:00"";""2022-03-21 16:00:00"";""2022-03-22 08:00:00"";""2022-03-22 12:00:00"";""2022-03-23 12:00:00"";""2022-03-23 16:00:00"";""2022-03-24 08:00:00"";""2022-03-24 12:00:00"";""2022-03-25 12:00:00"";""2022-03-25 16:00:00"";""2022-03-26 08:00:00"";""2022-03-26 12:00:00"""
"13;4;"""";"""";""2022-03-22 08:00:00"";""2022-03-22 17:00:00"";""2022-03-23 08:00:00"";""2022-03-23 17:00:00"";""2022-03-24 08:00:00"";""2022-03-24 17:00:00"";""2022-03-25 08:00:00"";""2022-03-25 17:00:00"";""2022-03-26 08:00:00"";""2022-03-26 17:00:00"""
"13;5;""2022-03-21 12:00:00"";""2022-03-21 16:00:00"";""2022-03-22 08:00:00"";""2022-03-22 12:00:00"";""2022-03-23 12:00:00"";""2022-03-23 16:00:00"";""2022-03-24 08:00:00"";""2022-03-24 12:00:00"";""2022-03-25 12:00:00"";""2022-03-25 16:00:00"";""2022-03-26 08:00:00"";""2022-03-26 12:00:00"""
"13;6;""2022-03-21 08:00:00"";""2022-03-21 12:00:00"";""2022-03-22 12:00:00"";""2022-03-22 16:00:00"";""2022-03-23 08:00:00"";""2022-03-23 12:00:00"";""2022-03-24 12:00:00"";""2022-03-24 16:00:00"";""2022-03-25 08:00:00"";""2022-03-25 12:00:00"";""2022-03-26 12:00:00"";""2022-03-26 16:00:00"""
"13;7;""2022-03-21 08:00:00"";""2022-03-21 17:00:00"";"""";"""";""2022-03-23 08:00:00"";""2022-03-23 17:00:00"";""2022-03-24 08:00:00"";""2022-03-24 17:00:00"";""2022-03-25 08:00:00"";""2022-03-25 17:00:00"";""2022-03-26 08:00:00"";""2022-03-26 17:00:00"""
"13;8;""2022-03-21 08:00:00"";""2022-03-21 12:00:00"";""2022-03-22 12:00:00"";""2022-03-22 16:00:00"";""2022-03-23 08:00:00"";""2022-03-23 12:00:00"";""2022-03-24 12:00:00"";""2022-03-24 16:00:00"";""2022-03-25 08:00:00"";""2022-03-25 12:00:00"";""2022-03-26 12:00:00"";""2022-03-26 16:00:00"""
"13;9;""2022-03-21 08:00:00"";""2022-03-21 12:00:00"";""2022-03-22 12:00:00"";""2022-03-22 16:00:00"";""2022-03-23 08:00:00"";""2022-03-23 12:00:00"";""2022-03-24 12:00:00"";""2022-03-24 16:00:00"";""2022-03-25 08:00:00"";""2022-03-25 12:00:00"";""2022-03-26 12:00:00"";""2022-03-26 16:00:00"""
"13;10;""2022-03-21 08:00:00"";""2022-03-21 12:00:00"";""2022-03-22 12:00:00"";""2022-03-22 16:00:00"";""2022-03-23 08:00:00"";""2022-03-23 12:00:00"";""2022-03-24 12:00:00"";""2022-03-24 16:00:00"";""2022-03-25 08:00:00"";""2022-03-25 12:00:00"";""2022-03-26 12:00:00"";""2022-03-26 16:00:00"""
"13;11;""2022-03-21 12:00:00"";""2022-03-21 16:00:00"";""2022-03-22 08:00:00"";""2022-03-22 12:00:00"";""2022-03-23 12:00:00"";""2022-03-23 16:00:00"";""2022-03-24 08:00:00"";""2022-03-24 12:00:00"";""2022-03-25 12:00:00"";""2022-03-25 16:00:00"";""2022-03-26 08:00:00"";""2022-03-26 12:00:00"""
"13;12;""2022-03-21 12:00:00"";""2022-03-21 16:00:00"";""2022-03-22 08:00:00"";""2022-03-22 12:00:00"";""2022-03-23 12:00:00"";""2022-03-23 16:00:00"";""2022-03-24 08:00:00"";""2022-03-24 12:00:00"";""2022-03-25 12:00:00"";""2022-03-25 16:00:00"";""2022-03-26 08:00:00"";""2022-03-26 12:00:00"""
"13;13;""2022-03-21 08:00:00"";""2022-03-21 12:00:00"";""2022-03-22 12:00:00"";""2022-03-22 16:00:00"";""2022-03-23 08:00:00"";""2022-03-23 12:00:00"";""2022-03-24 12:00:00"";""2022-03-24 16:00:00"";""2022-03-25 08:00:00"";""2022-03-25 12:00:00"";""2022-03-26 12:00:00"";""2022-03-26 16:00:00"""
"13;14;""2022-03-21 12:00:00"";""2022-03-21 16:00:00"";""2022-03-22 08:00:00"";""2022-03-22 12:00:00"";""2022-03-23 12:00:00"";""2022-03-23 16:00:00"";""2022-03-24 08:00:00"";""2022-03-24 12:00:00"";""2022-03-25 12:00:00"";""2022-03-25 16:00:00"";""2022-03-26 08:00:00"";""2022-03-26 12:00:00"""
"13;15;""2022-03-21 08:00:00"";""2022-03-21 12:00:00"";""2022-03-22 12:00:00"";""2022-03-22 16:00:00"";""2022-03-23 08:00:00"";""2022-03-23 12:00:00"";""2022-03-24 12:00:00"";""2022-03-24 16:00:00"";""2022-03-25 08:00:00"";""2022-03-25 12:00:00"";""2022-03-26 12:00:00"";""2022-03-26 16:00:00"""
"13;16;""2022-03-21 08:00:00"";""2022-03-21 12:00:00"";""2022-03-22 12:00:00"";""2022-03-22 16:00:00"";""2022-03-23 08:00:00"";""2022-03-23 12:00:00"";""2022-03-24 12:00:00"";""2022-03-24 16:00:00"";""2022-03-25 08:00:00"";""2022-03-25 12:00:00"";""2022-03-26 12:00:00"";""2022-03-26 16:00:00"""
"13;17;""2022-03-21 12:00:00"";""2022-03-21 16:00:00"";""2022-03-22 08:00:00"";""2022-03-22 12:00:00"";""2022-03-23 12:00:00"";""2022-03-23 16:00:00"";""2022-03-24 08:00:00"";""2022-03-24 12:00:00"";""2022-03-25 12:00:00"";""2022-03-25 16:00:00"";""2022-03-26 08:00:00"";""2022-03-26 12:00:00"""
"13;18;""2022-03-21 08:00:00"";""2022-03-21 17:00:00"";""2022-03-22 08:00:00"";""2022-03-22 17:00:00"";""2022-03-23 08:00:00"";""2022-03-23 17:00:00"";"""";"""";""2022-03-25 08:00:00"";""2022-03-25 17:00:00"";""2022-03-26 08:00:00"";""2022-03-26 17:00:00"""
"13;19;""2022-03-21 08:00:00"";""2022-03-21 17:00:00"";""2022-03-22 08:00:00"";""2022-03-22 17:00:00"";""2022-03-23 08:00:00"";""2022-03-23 17:00:00"";""2022-03-24 08:00:00"";""2022-03-24 17:00:00"";"""";"""";""2022-03-26 08:00:00"";""2022-03-26 17:00:00"""
"13;20;"""";"""";""2022-03-22 08:00:00"";""2022-03-22 17:00:00"";""2022-03-23 08:00:00"";""2022-03-23 17:00:00"";""2022-03-24 08:00:00"";""2022-03-24 17:00:00"";""2022-03-25 08:00:00"";""2022-03-25 17:00:00"";""2022-03-26 08:00:00"";""2022-03-26 17:00:00"""
"13;21;""2022-03-21 12:00:00"";""2022-03-21 16:00:00"";""2022-03-22 08:00:00"";""2022-03-22 12:00:00"";""2022-03-23 12:00:00"";""2022-03-23 16:00:00"";""2022-03-24 08:00:00"";""2022-03-24 12:00:00"";""2022-03-25 12:00:00"";""2022-03-25 16:00:00"";""2022-03-26 08:00:00"";""2022-03-26 12:00:00"""
"14;1;""2022-03-28 08:00:00"";""2022-03-28 12:00:00"";""2022-03-29 12:00:00"";""2022-03-29 16:00:00"";""2022-03-30 08:00:00"";""2022-03-30 12:00:00"";""2022-03-31 12:00:00"";""2022-03-31 16:00:00"";""2022-04-01 08:00:00"";""2022-04-01 12:00:00"";""2022-04-02 12:00:00"";""2022-04-02 16:00:00"""
"14;2;""2022-03-28 08:00:00"";""2022-03-28 17:00:00"";""2022-03-29 08:00:00"";""2022-03-29 17:00:00"";"""";"""";""2022-03-31 08:00:00"";""2022-03-31 17:00:00"";""2022-04-01 08:00:00"";""2022-04-01 17:00:00"";""2022-04-02 08:00:00"";""2022-04-02 17:00:00"""
"14;3;""2022-03-28 12:00:00"";""2022-03-28 16:00:00"";""2022-03-29 08:00:00"";""2022-03-29 12:00:00"";""2022-03-30 12:00:00"";""2022-03-30 16:00:00"";""2022-03-31 08:00:00"";""2022-03-31 12:00:00"";""2022-04-01 12:00:00"";""2022-04-01 16:00:00"";""2022-04-02 08:00:00"";""2022-04-02 12:00:00"""
"14;4;"""";"""";""2022-03-29 08:00:00"";""2022-03-29 17:00:00"";""2022-03-30 08:00:00"";""2022-03-30 17:00:00"";""2022-03-31 08:00:00"";""2022-03-31 17:00:00"";""2022-04-01 08:00:00"";""2022-04-01 17:00:00"";""2022-04-02 08:00:00"";""2022-04-02 17:00:00"""
"14;5;""2022-03-28 12:00:00"";""2022-03-28 16:00:00"";""2022-03-29 08:00:00"";""2022-03-29 12:00:00"";""2022-03-30 12:00:00"";""2022-03-30 16:00:00"";""2022-03-31 08:00:00"";""2022-03-31 12:00:00"";""2022-04-01 12:00:00"";""2022-04-01 16:00:00"";""2022-04-02 08:00:00"";""2022-04-02 12:00:00"""
"14;6;""2022-03-28 08:00:00"";""2022-03-28 12:00:00"";""2022-03-29 12:00:00"";""2022-03-29 16:00:00"";""2022-03-30 08:00:00"";""2022-03-30 12:00:00"";""2022-03-31 12:00:00"";""2022-03-31 16:00:00"";""2022-04-01 08:00:00"";""2022-04-01 12:00:00"";""2022-04-02 12:00:00"";""2022-04-02 16:00:00"""
"14;7;""2022-03-28 08:00:00"";""2022-03-28 17:00:00"";"""";"""";""2022-03-30 08:00:00"";""2022-03-30 17:00:00"";""2022-03-31 08:00:00"";""2022-03-31 17:00:00"";""2022-04-01 08:00:00"";""2022-04-01 17:00:00"";""2022-04-02 08:00:00"";""2022-04-02 17:00:00"""
"14;8;""2022-03-28 08:00:00"";""2022-03-28 12:00:00"";""2022-03-29 12:00:00"";""2022-03-29 16:00:00"";""2022-03-30 08:00:00"";""2022-03-30 12:00:00"";""2022-03-31 12:00:00"";""2022-03-31 16:00:00"";""2022-04-01 08:00:00"";""2022-04-01 12:00:00"";""2022-04-02 12:00:00"";""2022-04-02 16:00:00"""
"14;9;""2022-03-28 08:00:00"";""2022-03-28 12:00:00"";""2022-03-29 12:00:00"";""2022-03-29 16:00:00"";""2022-03-30 08:00:00"";""2022-03-30 12:00:00"";""2022-03-31 12:00:00"";""2022-03-31 16:00:00"";""2022-04-01 08:00:00"";""2022-04-01 12:00:00"";""2022-04-02 12:00:00"";""2022-04-02 16:00:00"""
"14;10;""2022-03-28 08:00:00"";""2022-03-28 12:00:00"";""2022-03-29 12:00:00"";""2022-03-29 16:00:00"";""2022-03-30 08:00:00"";""2022-03-30 12:00:00"";""2022-03-31 12:00:00"";""2022-03-31 16:00:00"";""2022-04-01 08:00:00"";""2022-04-01 12:00:00"";""2022-04-02 12:00:00"";""2022-04-02 16:00:00"""
"14;11;""2022-03-28 12:00:00"";""2022-03-28 16:00:00"";""2022-03-29 08:00:00"";""2022-03-29 12:00:00"";""2022-03-30 12:00:00"";""2022-03-30 16:00:00"";""2022-03-31 08:00:00"";""2022-03-31 12:00:00"";""2022-04-01 12:00:00"";""2022-04-01 16:00:00"";""2022-04-02 08:00:00"";""2022-04-02 12:00:00"""
"14;12;""2022-03-28 12:00:00"";""2022-03-28 16:00:00"";""2022-03-29 08:00:00"";""2022-03-29 12:00:00"";""2022-03-30 12:00:00"";""2022-03-30 16:00:00"";""2022-03-31 08:00:00"";""2022-03-31 12:00:00"";""2022-04-01 12:00:00"";""2022-04-01 16:00:00"";""2022-04-02 08:00:00"";""2022-04-02 12:00:00"""
"14;13;""2022-03-28 08:00:00"";""2022-03-28 12:00:00"";""2022-03-29 12:00:00"";""2022-03-29 16:00:00"";""2022-03-30 08:00:00"";""2022-03-30 12:00:00"";""2022-03-31 12:00:00"";""2022-03-31 16:00:00"";""2022-04-01 08:00:00"";""2022-04-01 12:00:00"";""2022-04-02 12:00:00"";""2022-04-02 16:00:00"""
"14;14;""2022-03-28 12:00:00"";""2022-03-28 16:00:00"";""2022-03-29 08:00:00"";""2022-03-29 12:00:00"";""2022-03-30 12:00:00"";""2022-03-30 16:00:00"";""2022-03-31 08:00:00"";""2022-03-31 12:00:00"";""2022-04-01 12:00:00"";""2022-04-01 16:00:00"";""2022-04-02 08:00:00"";""2022-04-02 12:00:00"""
"14;15;""2022-03-28 08:00:00"";""2022-03-28 12:00:00"";""2022-03-29 12:00:00"";""2022-03-29 16:00:00"";""2022-03-30 08:00:00"";""2022-03-30 12:00:00"";""2022-03-31 12:00:00"";""2022-03-31 16:00:00"";""2022-04-01 08:00:00"";""2022-04-01 12:00:00"";""2022-04-02 12:00:00"";""2022-04-02 16:00:00"""
"14;16;""2022-03-28 08:00:00"";""2022-03-28 12:00:00"";""2022-03-29 12:00:00"";""2022-03-29 16:00:00"";""2022-03-30 08:00:00"";""2022-03-30 12:00:00"";""2022-03-31 12:00:00"";""2022-03-31 16:00:00"";""2022-04-01 08:00:00"";""2022-04-01 12:00:00"";""2022-04-02 12:00:00"";""2022-04-02 16:00:00"""
"14;17;""2022-03-28 12:00:00"";""2022-03-28 16:00:00"";""2022-03-29 08:00:00"";""2022-03-29 12:00:00"";""2022-03-30 12:00:00"";""2022-03-30 16:00:00"";""2022-03-31 08:00:00"";""2022-03-31 12:00:00"";""2022-04-01 12:00:00"";""2022-04-01 16:00:00"";""2022-04-02 08:00:00"";""2022-04-02 12:00:00"""
"14;18;""2022-03-28 08:00:00"";""2022-03-28 17:00:00"";""2022-03-29 08:00:00"";""2022-03-29 17:00:00"";""2022-03-30 08:00:00"";""2022-03-30 17:00:00"";"""";"""";""2022-04-01 08:00:00"";""2022-04-01 17:00:00"";""2022-04-02 08:00:00"";""2022-04-02 17:00:00"""
"14;19;""2022-03-28 08:00:00"";""2022-03-28 17:00:00"";""2022-03-29 08:00:00"";""2022-03-29 17:00:00"";""2022-03-30 08:00:00"";""2022-03-30 17:00:00"";""2022-03-31 08:00:00"";""2022-03-31 17:00:00"";"""";"""";""2022-04-02 08:00:00"";""2022-04-02 17:00:00"""
"14;20;"""";"""";""2022-03-29 08:00:00"";""2022-03-29 17:00:00"";""2022-03-30 08:00:00"";""2022-03-30 17:00:00"";""2022-03-31 08:00:00"";""2022-03-31 17:00:00"";""2022-04-01 08:00:00"";""2022-04-01 17:00:00"";""2022-04-02 08:00:00"";""2022-04-02 17:00:00"""
"14;21;""2022-03-28 12:00:00"";""2022-03-28 16:00:00"";""2022-03-29 08:00:00"";""2022-03-29 12:00:00"";""2022-03-30 12:00:00"";""2022-03-30 16:00:00"";""2022-03-31 08:00:00"";""2022-03-31 12:00:00"";""2022-04-01 12:00:00"";""2022-04-01 16:00:00"";""2022-04-02 08:00:00"";""2022-04-02 12:00:00"""
"15;1;""2022-04-04 08:00:00"";""2022-04-04 12:00:00"";""2022-04-05 12:00:00"";""2022-04-05 16:00:00"";""2022-04-06 08:00:00"";""2022-04-06 12:00:00"";""2022-04-07 12:00:00"";""2022-04-07 16:00:00"";""2022-04-08 08:00:00"";""2022-04-08 12:00:00"";""2022-04-09 12:00:00"";""2022-04-09 16:00:00"""
"15;2;""2022-04-04 08:00:00"";""2022-04-04 17:00:00"";""2022-04-05 08:00:00"";""2022-04-05 17:00:00"";"""";"""";""2022-04-07 08:00:00"";""2022-04-07 17:00:00"";""2022-04-08 08:00:00"";""2022-04-08 17:00:00"";""2022-04-09 08:00:00"";""2022-04-09 17:00:00"""
"15;3;""2022-04-04 12:00:00"";""2022-04-04 16:00:00"";""2022-04-05 08:00:00"";""2022-04-05 12:00:00"";""2022-04-06 12:00:00"";""2022-04-06 16:00:00"";""2022-04-07 08:00:00"";""2022-04-07 12:00:00"";""2022-04-08 12:00:00"";""2022-04-08 16:00:00"";""2022-04-09 08:00:00"";""2022-04-09 12:00:00"""
"15;4;"""";"""";""2022-04-05 08:00:00"";""2022-04-05 17:00:00"";""2022-04-06 08:00:00"";""2022-04-06 17:00:00"";""2022-04-07 08:00:00"";""2022-04-07 17:00:00"";""2022-04-08 08:00:00"";""2022-04-08 17:00:00"";""2022-04-09 08:00:00"";""2022-04-09 17:00:00"""
"15;5;""2022-04-04 12:00:00"";""2022-04-04 16:00:00"";""2022-04-05 08:00:00"";""2022-04-05 12:00:00"";""2022-04-06 12:00:00"";""2022-04-06 16:00:00"";""2022-04-07 08:00:00"";""2022-04-07 12:00:00"";""2022-04-08 12:00:00"";""2022-04-08 16:00:00"";""2022-04-09 08:00:00"";""2022-04-09 12:00:00"""
"15;6;""2022-04-04 08:00:00"";""2022-04-04 12:00:00"";""2022-04-05 12:00:00"";""2022-04-05 16:00:00"";""2022-04-06 08:00:00"";""2022-04-06 12:00:00"";""2022-04-07 12:00:00"";""2022-04-07 16:00:00"";""2022-04-08 08:00:00"";""2022-04-08 12:00:00"";""2022-04-09 12:00:00"";""2022-04-09 16:00:00"""
"15;7;""2022-04-04 08:00:00"";""2022-04-04 17:00:00"";"""";"""";""2022-04-06 08:00:00"";""2022-04-06 17:00:00"";""2022-04-07 08:00:00"";""2022-04-07 17:00:00"";""2022-04-08 08:00:00"";""2022-04-08 17:00:00"";""2022-04-09 08:00:00"";""2022-04-09 17:00:00"""
"15;8;""2022-04-04 08:00:00"";""2022-04-04 12:00:00"";""2022-04-05 12:00:00"";""2022-04-05 16:00:00"";""2022-04-06 08:00:00"";""2022-04-06 12:00:00"";""2022-04-07 12:00:00"";""2022-04-07 16:00:00"";""2022-04-08 08:00:00"";""2022-04-08 12:00:00"";""2022-04-09 12:00:00"";""2022-04-09 16:00:00"""
"15;9;""2022-04-04 08:00:00"";""2022-04-04 12:00:00"";""2022-04-05 12:00:00"";""2022-04-05 16:00:00"";""2022-04-06 08:00:00"";""2022-04-06 12:00:00"";""2022-04-07 12:00:00"";""2022-04-07 16:00:00"";""2022-04-08 08:00:00"";""2022-04-08 12:00:00"";""2022-04-09 12:00:00"";""2022-04-09 16:00:00"""
"15;10;""2022-04-04 08:00:00"";""2022-04-04 12:00:00"";""2022-04-05 12:00:00"";""2022-04-05 16:00:00"";""2022-04-06 08:00:00"";""2022-04-06 12:00:00"";""2022-04-07 12:00:00"";""2022-04-07 16:00:00"";""2022-04-08 08:00:00"";""2022-04-08 12:00:00"";""2022-04-09 12:00:00"";""2022-04-09 16:00:00"""
"15;11;""2022-04-04 12:00:00"";""2022-04-04 16:00:00"";""2022-04-05 08:00:00"";""2022-04-05 12:00:00"";""2022-04-06 12:00:00"";""2022-04-06 16:00:00"";""2022-04-07 08:00:00"";""2022-04-07 12:00:00"";""2022-04-08 12:00:00"";""2022-04-08 16:00:00"";""2022-04-09 08:00:00"";""2022-04-09 12:00:00"""
"15;12;""2022-04-04 12:00:00"";""2022-04-04 16:00:00"";""2022-04-05 08:00:00"";""2022-04-05 12:00:00"";""2022-04-06 12:00:00"";""2022-04-06 16:00:00"";""2022-04-07 08:00:00"";""2022-04-07 12:00:00"";""2022-04-08 12:00:00"";""2022-04-08 16:00:00"";""2022-04-09 08:00:00"";""2022-04-09 12:00:00"""
"15;13;""2022-04-04 08:00:00"";""2022-04-04 12:00:00"";""2022-04-05 12:00:00"";""2022-04-05 16:00:00"";""2022-04-06 08:00:00"";""2022-04-06 12:00:00"";""2022-04-07 12:00:00"";""2022-04-07 16:00:00"";""2022-04-08 08:00:00"";""2022-04-08 12:00:00"";""2022-04-09 12:00:00"";""2022-04-09 16:00:00"""
"15;14;""2022-04-04 12:00:00"";""2022-04-04 16:00:00"";""2022-04-05 08:00:00"";""2022-04-05 12:00:00"";""2022-04-06 12:00:00"";""2022-04-06 16:00:00"";""2022-04-07 08:00:00"";""2022-04-07 12:00:00"";""2022-04-08 12:00:00"";""2022-04-08 16:00:00"";""2022-04-09 08:00:00"";""2022-04-09 12:00:00"""
"15;15;""2022-04-04 08:00:00"";""2022-04-04 12:00:00"";""2022-04-05 12:00:00"";""2022-04-05 16:00:00"";""2022-04-06 08:00:00"";""2022-04-06 12:00:00"";""2022-04-07 12:00:00"";""2022-04-07 16:00:00"";""2022-04-08 08:00:00"";""2022-04-08 12:00:00"";""2022-04-09 12:00:00"";""2022-04-09 16:00:00"""
"15;16;""2022-04-04 08:00:00"";""2022-04-04 12:00:00"";""2022-04-05 12:00:00"";""2022-04-05 16:00:00"";""2022-04-06 08:00:00"";""2022-04-06 12:00:00"";""2022-04-07 12:00:00"";""2022-04-07 16:00:00"";""2022-04-08 08:00:00"";""2022-04-08 12:00:00"";""2022-04-09 12:00:00"";""2022-04-09 16:00:00"""
"15;17;""2022-04-04 12:00:00"";""2022-04-04 16:00:00"";""2022-04-05 08:00:00"";""2022-04-05 12:00:00"";""2022-04-06 12:00:00"";""2022-04-06 16:00:00"";""2022-04-07 08:00:00"";""2022-04-07 12:00:00"";""2022-04-08 12:00:00"";""2022-04-08 16:00:00"";""2022-04-09 08:00:00"";""2022-04-09 12:00:00"""
"15;18;""2022-04-04 08:00:00"";""2022-04-04 17:00:00"";""2022-04-05 08:00:00"";""2022-04-05 17:00:00"";""2022-04-06 08:00:00"";""2022-04-06 17:00:00"";"""";"""";""2022-04-08 08:00:00"";""2022-04-08 17:00:00"";""2022-04-09 08:00:00"";""2022-04-09 17:00:00"""
"15;19;""2022-04-04 08:00:00"";""2022-04-04 17:00:00"";""2022-04-05 08:00:00"";""2022-04-05 17:00:00"";""2022-04-06 08:00:00"";""2022-04-06 17:00:00"";""2022-04-07 08:00:00"";""2022-04-07 17:00:00"";"""";"""";""2022-04-09 08:00:00"";""2022-04-09 17:00:00"""
"15;20;"""";"""";""2022-04-05 08:00:00"";""2022-04-05 17:00:00"";""2022-04-06 08:00:00"";""2022-04-06 17:00:00"";""2022-04-07 08:00:00"";""2022-04-07 17:00:00"";""2022-04-08 08:00:00"";""2022-04-08 17:00:00"";""2022-04-09 08:00:00"";""2022-04-09 17:00:00"""
"15;21;""2022-04-04 12:00:00"";""2022-04-04 16:00:00"";""2022-04-05 08:00:00"";""2022-04-05 12:00:00"";""2022-04-06 12:00:00"";""2022-04-06 16:00:00"";""2022-04-07 08:00:00"";""2022-04-07 12:00:00"";""2022-04-08 12:00:00"";""2022-04-08 16:00:00"";""2022-04-09 08:00:00"";""2022-04-09 12:00:00"""
"16;1;""2022-04-11 08:00:00"";""2022-04-11 12:00:00"";""2022-04-12 12:00:00"";""2022-04-12 16:00:00"";""2022-04-13 08:00:00"";""2022-04-13 12:00:00"";""2022-04-14 12:00:00"";""2022-04-14 16:00:00"";""2022-04-15 08:00:00"";""2022-04-15 12:00:00"";""2022-04-16 12:00:00"";""2022-04-16 16:00:00"""
"16;2;""2022-04-11 08:00:00"";""2022-04-11 17:00:00"";""2022-04-12 08:00:00"";""2022-04-12 17:00:00"";"""";"""";""2022-04-14 08:00:00"";""2022-04-14 17:00:00"";""2022-04-15 08:00:00"";""2022-04-15 17:00:00"";""2022-04-16 08:00:00"";""2022-04-16 17:00:00"""
"16;3;""2022-04-11 12:00:00"";""2022-04-11 16:00:00"";""2022-04-12 08:00:00"";""2022-04-12 12:00:00"";""2022-04-13 12:00:00"";""2022-04-13 16:00:00"";""2022-04-14 08:00:00"";""2022-04-14 12:00:00"";""2022-04-15 12:00:00"";""2022-04-15 16:00:00"";""2022-04-16 08:00:00"";""2022-04-16 12:00:00"""
"16;4;"""";"""";""2022-04-12 08:00:00"";""2022-04-12 17:00:00"";""2022-04-13 08:00:00"";""2022-04-13 17:00:00"";""2022-04-14 08:00:00"";""2022-04-14 17:00:00"";""2022-04-15 08:00:00"";""2022-04-15 17:00:00"";""2022-04-16 08:00:00"";""2022-04-16 17:00:00"""
"16;5;""2022-04-11 12:00:00"";""2022-04-11 16:00:00"";""2022-04-12 08:00:00"";""2022-04-12 12:00:00"";""2022-04-13 12:00:00"";""2022-04-13 16:00:00"";""2022-04-14 08:00:00"";""2022-04-14 12:00:00"";""2022-04-15 12:00:00"";""2022-04-15 16:00:00"";""2022-04-16 08:00:00"";""2022-04-16 12:00:00"""
"16;6;""2022-04-11 08:00:00"";""2022-04-11 12:00:00"";""2022-04-12 12:00:00"";""2022-04-12 16:00:00"";""2022-04-13 08:00:00"";""2022-04-13 12:00:00"";""2022-04-14 12:00:00"";""2022-04-14 16:00:00"";""2022-04-15 08:00:00"";""2022-04-15 12:00:00"";""2022-04-16 12:00:00"";""2022-04-16 16:00:00"""
"16;7;""2022-04-11 08:00:00"";""2022-04-11 17:00:00"";"""";"""";""2022-04-13 08:00:00"";""2022-04-13 17:00:00"";""2022-04-14 08:00:00"";""2022-04-14 17:00:00"";""2022-04-15 08:00:00"";""2022-04-15 17:00:00"";""2022-04-16 08:00:00"";""2022-04-16 17:00:00"""
"16;8;""2022-04-11 08:00:00"";""2022-04-11 12:00:00"";""2022-04-12 12:00:00"";""2022-04-12 16:00:00"";""2022-04-13 08:00:00"";""2022-04-13 12:00:00"";""2022-04-14 12:00:00"";""2022-04-14 16:00:00"";""2022-04-15 08:00:00"";""2022-04-15 12:00:00"";""2022-04-16 12:00:00"";""2022-04-16 16:00:00"""
"16;9;""2022-04-11 08:00:00"";""2022-04-11 12:00:00"";""2022-04-12 12:00:00"";""2022-04-12 16:00:00"";""2022-04-13 08:00:00"";""2022-04-13 12:00:00"";""2022-04-14 12:00:00"";""2022-04-14 16:00:00"";""2022-04-15 08:00:00"";""2022-04-15 12:00:00"";""2022-04-16 12:00:00"";""2022-04-16 16:00:00"""
"16;10;""2022-04-11 08:00:00"";""2022-04-11 12:00:00"";""2022-04-12 12:00:00"";""2022-04-12 16:00:00"";""2022-04-13 08:00:00"";""2022-04-13 12:00:00"";""2022-04-14 12:00:00"";""2022-04-14 16:00:00"";""2022-04-15 08:00:00"";""2022-04-15 12:00:00"";""2022-04-16 12:00:00"";""2022-04-16 16:00:00"""
"16;11;""2022-04-11 12:00:00"";""2022-04-11 16:00:00"";""2022-04-12 08:00:00"";""2022-04-12 12:00:00"";""2022-04-13 12:00:00"";""2022-04-13 16:00:00"";""2022-04-14 08:00:00"";""2022-04-14 12:00:00"";""2022-04-15 12:00:00"";""2022-04-15 16:00:00"";""2022-04-16 08:00:00"";""2022-04-16 12:00:00"""
"16;12;""2022-04-11 12:00:00"";""2022-04-11 16:00:00"";""2022-04-12 08:00:00"";""2022-04-12 12:00:00"";""2022-04-13 12:00:00"";""2022-04-13 16:00:00"";""2022-04-14 08:00:00"";""2022-04-14 12:00:00"";""2022-04-15 12:00:00"";""2022-04-15 16:00:00"";""2022-04-16 08:00:00"";""2022-04-16 12:00:00"""
"16;13;""2022-04-11 08:00:00"";""2022-04-11 12:00:00"";""2022-04-12 12:00:00"";""2022-04-12 16:00:00"";""2022-04-13 08:00:00"";""2022-04-13 12:00:00"";""2022-04-14 12:00:00"";""2022-04-14 16:00:00"";""2022-04-15 08:00:00"";""2022-04-15 12:00:00"";""2022-04-16 12:00:00"";""2022-04-16 16:00:00"""
"16;14;""2022-04-11 12:00:00"";""2022-04-11 16:00:00"";""2022-04-12 08:00:00"";""2022-04-12 12:00:00"";""2022-04-13 12:00:00"";""2022-04-13 16:00:00"";""2022-04-14 08:00:00"";""2022-04-14 12:00:00"";""2022-04-15 12:00:00"";""2022-04-15 16:00:00"";""2022-04-16 08:00:00"";""2022-04-16 12:00:00"""
"16;15;""2022-04-11 08:00:00"";""2022-04-11 12:00:00"";""2022-04-12 12:00:00"";""2022-04-12 16:00:00"";""2022-04-13 08:00:00"";""2022-04-13 12:00:00"";""2022-04-14 12:00:00"";""2022-04-14 16:00:00"";""2022-04-15 08:00:00"";""2022-04-15 12:00:00"";""2022-04-16 12:00:00"";""2022-04-16 16:00:00"""
"16;16;""2022-04-11 08:00:00"";""2022-04-11 12:00:00"";""2022-04-12 12:00:00"";""2022-04-12 16:00:00"";""2022-04-13 08:00:00"";""2022-04-13 12:00:00"";""2022-04-14 12:00:00"";""2022-04-14 16:00:00"";""2022-04-15 08:00:00"";""2022-04-15 12:00:00"";""2022-04-16 12:00:00"";""2022-04-16 16:00:00"""
"16;17;""2022-04-11 12:00:00"";""2022-04-11 16:00:00"";""2022-04-12 08:00:00"";""2022-04-12 12:00:00"";""2022-04-13 12:00:00"";""2022-04-13 16:00:00"";""2022-04-14 08:00:00"";""2022-04-14 12:00:00"";""2022-04-15 12:00:00"";""2022-04-15 16:00:00"";""2022-04-16 08:00:00"";""2022-04-16 12:00:00"""
"16;18;""2022-04-11 08:00:00"";""2022-04-11 17:00:00"";""2022-04-12 08:00:00"";""2022-04-12 17:00:00"";""2022-04-13 08:00:00"";""2022-04-13 17:00:00"";"""";"""";""2022-04-15 08:00:00"";""2022-04-15 17:00:00"";""2022-04-16 08:00:00"";""2022-04-16 17:00:00"""
"16;19;""2022-04-11 08:00:00"";""2022-04-11 17:00:00"";""2022-04-12 08:00:00"";""2022-04-12 17:00:00"";""2022-04-13 08:00:00"";""2022-04-13 17:00:00"";""2022-04-14 08:00:00"";""2022-04-14 17:00:00"";"""";"""";""2022-04-16 08:00:00"";""2022-04-16 17:00:00"""
"16;20;"""";"""";""2022-04-12 08:00:00"";""2022-04-12 17:00:00"";""2022-04-13 08:00:00"";""2022-04-13 17:00:00"";""2022-04-14 08:00:00"";""2022-04-14 17:00:00"";""2022-04-15 08:00:00"";""2022-04-15 17:00:00"";""2022-04-16 08:00:00"";""2022-04-16 17:00:00"""
"16;21;""2022-04-11 12:00:00"";""2022-04-11 16:00:00"";""2022-04-12 08:00:00"";""2022-04-12 12:00:00"";""2022-04-13 12:00:00"";""2022-04-13 16:00:00"";""2022-04-14 08:00:00"";""2022-04-14 12:00:00"";""2022-04-15 12:00:00"";""2022-04-15 16:00:00"";""2022-04-16 08:00:00"";""2022-04-16 12:00:00"""
"17;1;""2022-04-18 08:00:00"";""2022-04-18 12:00:00"";""2022-04-19 12:00:00"";""2022-04-19 16:00:00"";""2022-04-20 08:00:00"";""2022-04-20 12:00:00"";""2022-04-21 12:00:00"";""2022-04-21 16:00:00"";""2022-04-22 08:00:00"";""2022-04-22 12:00:00"";""2022-04-23 12:00:00"";""2022-04-23 16:00:00"""
"17;2;""2022-04-18 08:00:00"";""2022-04-18 17:00:00"";""2022-04-19 08:00:00"";""2022-04-19 17:00:00"";"""";"""";""2022-04-21 08:00:00"";""2022-04-21 17:00:00"";""2022-04-22 08:00:00"";""2022-04-22 17:00:00"";""2022-04-23 08:00:00"";""2022-04-23 17:00:00"""
"17;3;""2022-04-18 12:00:00"";""2022-04-18 16:00:00"";""2022-04-19 08:00:00"";""2022-04-19 12:00:00"";""2022-04-20 12:00:00"";""2022-04-20 16:00:00"";""2022-04-21 08:00:00"";""2022-04-21 12:00:00"";""2022-04-22 12:00:00"";""2022-04-22 16:00:00"";""2022-04-23 08:00:00"";""2022-04-23 12:00:00"""
"17;4;"""";"""";""2022-04-19 08:00:00"";""2022-04-19 17:00:00"";""2022-04-20 08:00:00"";""2022-04-20 17:00:00"";""2022-04-21 08:00:00"";""2022-04-21 17:00:00"";""2022-04-22 08:00:00"";""2022-04-22 17:00:00"";""2022-04-23 08:00:00"";""2022-04-23 17:00:00"""
"17;5;""2022-04-18 12:00:00"";""2022-04-18 16:00:00"";""2022-04-19 08:00:00"";""2022-04-19 12:00:00"";""2022-04-20 12:00:00"";""2022-04-20 16:00:00"";""2022-04-21 08:00:00"";""2022-04-21 12:00:00"";""2022-04-22 12:00:00"";""2022-04-22 16:00:00"";""2022-04-23 08:00:00"";""2022-04-23 12:00:00"""
"17;6;""2022-04-18 08:00:00"";""2022-04-18 12:00:00"";""2022-04-19 12:00:00"";""2022-04-19 16:00:00"";""2022-04-20 08:00:00"";""2022-04-20 12:00:00"";""2022-04-21 12:00:00"";""2022-04-21 16:00:00"";""2022-04-22 08:00:00"";""2022-04-22 12:00:00"";""2022-04-23 12:00:00"";""2022-04-23 16:00:00"""
"17;7;""2022-04-18 08:00:00"";""2022-04-18 17:00:00"";"""";"""";""2022-04-20 08:00:00"";""2022-04-20 17:00:00"";""2022-04-21 08:00:00"";""2022-04-21 17:00:00"";""2022-04-22 08:00:00"";""2022-04-22 17:00:00"";""2022-04-23 08:00:00"";""2022-04-23 17:00:00"""
"17;8;""2022-04-18 08:00:00"";""2022-04-18 12:00:00"";""2022-04-19 12:00:00"";""2022-04-19 16:00:00"";""2022-04-20 08:00:00"";""2022-04-20 12:00:00"";""2022-04-21 12:00:00"";""2022-04-21 16:00:00"";""2022-04-22 08:00:00"";""2022-04-22 12:00:00"";""2022-04-23 12:00:00"";""2022-04-23 16:00:00"""
"17;9;""2022-04-18 08:00:00"";""2022-04-18 12:00:00"";""2022-04-19 12:00:00"";""2022-04-19 16:00:00"";""2022-04-20 08:00:00"";""2022-04-20 12:00:00"";""2022-04-21 12:00:00"";""2022-04-21 16:00:00"";""2022-04-22 08:00:00"";""2022-04-22 12:00:00"";""2022-04-23 12:00:00"";""2022-04-23 16:00:00"""
"17;10;""2022-04-18 08:00:00"";""2022-04-18 12:00:00"";""2022-04-19 12:00:00"";""2022-04-19 16:00:00"";""2022-04-20 08:00:00"";""2022-04-20 12:00:00"";""2022-04-21 12:00:00"";""2022-04-21 16:00:00"";""2022-04-22 08:00:00"";""2022-04-22 12:00:00"";""2022-04-23 12:00:00"";""2022-04-23 16:00:00"""
"17;11;""2022-04-18 12:00:00"";""2022-04-18 16:00:00"";""2022-04-19 08:00:00"";""2022-04-19 12:00:00"";""2022-04-20 12:00:00"";""2022-04-20 16:00:00"";""2022-04-21 08:00:00"";""2022-04-21 12:00:00"";""2022-04-22 12:00:00"";""2022-04-22 16:00:00"";""2022-04-23 08:00:00"";""2022-04-23 12:00:00"""
"17;12;""2022-04-18 12:00:00"";""2022-04-18 16:00:00"";""2022-04-19 08:00:00"";""2022-04-19 12:00:00"";""2022-04-20 12:00:00"";""2022-04-20 16:00:00"";""2022-04-21 08:00:00"";""2022-04-21 12:00:00"";""2022-04-22 12:00:00"";""2022-04-22 16:00:00"";""2022-04-23 08:00:00"";""2022-04-23 12:00:00"""
"17;13;""2022-04-18 08:00:00"";""2022-04-18 12:00:00"";""2022-04-19 12:00:00"";""2022-04-19 16:00:00"";""2022-04-20 08:00:00"";""2022-04-20 12:00:00"";""2022-04-21 12:00:00"";""2022-04-21 16:00:00"";""2022-04-22 08:00:00"";""2022-04-22 12:00:00"";""2022-04-23 12:00:00"";""2022-04-23 16:00:00"""
"17;14;""2022-04-18 12:00:00"";""2022-04-18 16:00:00"";""2022-04-19 08:00:00"";""2022-04-19 12:00:00"";""2022-04-20 12:00:00"";""2022-04-20 16:00:00"";""2022-04-21 08:00:00"";""2022-04-21 12:00:00"";""2022-04-22 12:00:00"";""2022-04-22 16:00:00"";""2022-04-23 08:00:00"";""2022-04-23 12:00:00"""
"17;15;""2022-04-18 08:00:00"";""2022-04-18 12:00:00"";""2022-04-19 12:00:00"";""2022-04-19 16:00:00"";""2022-04-20 08:00:00"";""2022-04-20 12:00:00"";""2022-04-21 12:00:00"";""2022-04-21 16:00:00"";""2022-04-22 08:00:00"";""2022-04-22 12:00:00"";""2022-04-23 12:00:00"";""2022-04-23 16:00:00"""
"17;16;""2022-04-18 08:00:00"";""2022-04-18 12:00:00"";""2022-04-19 12:00:00"";""2022-04-19 16:00:00"";""2022-04-20 08:00:00"";""2022-04-20 12:00:00"";""2022-04-21 12:00:00"";""2022-04-21 16:00:00"";""2022-04-22 08:00:00"";""2022-04-22 12:00:00"";""2022-04-23 12:00:00"";""2022-04-23 16:00:00"""
"17;17;""2022-04-18 12:00:00"";""2022-04-18 16:00:00"";""2022-04-19 08:00:00"";""2022-04-19 12:00:00"";""2022-04-20 12:00:00"";""2022-04-20 16:00:00"";""2022-04-21 08:00:00"";""2022-04-21 12:00:00"";""2022-04-22 12:00:00"";""2022-04-22 16:00:00"";""2022-04-23 08:00:00"";""2022-04-23 12:00:00"""
"17;18;""2022-04-18 08:00:00"";""2022-04-18 17:00:00"";""2022-04-19 08:00:00"";""2022-04-19 17:00:00"";""2022-04-20 08:00:00"";""2022-04-20 17:00:00"";"""";"""";""2022-04-22 08:00:00"";""2022-04-22 17:00:00"";""2022-04-23 08:00:00"";""2022-04-23 17:00:00"""
"17;19;""2022-04-18 08:00:00"";""2022-04-18 17:00:00"";""2022-04-19 08:00:00"";""2022-04-19 17:00:00"";""2022-04-20 08:00:00"";""2022-04-20 17:00:00"";""2022-04-21 08:00:00"";""2022-04-21 17:00:00"";"""";"""";""2022-04-23 08:00:00"";""2022-04-23 17:00:00"""
"17;20;"""";"""";""2022-04-19 08:00:00"";""2022-04-19 17:00:00"";""2022-04-20 08:00:00"";""2022-04-20 17:00:00"";""2022-04-21 08:00:00"";""2022-04-21 17:00:00"";""2022-04-22 08:00:00"";""2022-04-22 17:00:00"";""2022-04-23 08:00:00"";""2022-04-23 17:00:00"""
"17;21;""2022-04-18 12:00:00"";""2022-04-18 16:00:00"";""2022-04-19 08:00:00"";""2022-04-19 12:00:00"";""2022-04-20 12:00:00"";""2022-04-20 16:00:00"";""2022-04-21 08:00:00"";""2022-04-21 12:00:00"";""2022-04-22 12:00:00"";""2022-04-22 16:00:00"";""2022-04-23 08:00:00"";""2022-04-23 12:00:00"""
"18;1;""2022-04-25 08:00:00"";""2022-04-25 12:00:00"";""2022-04-26 12:00:00"";""2022-04-26 16:00:00"";""2022-04-27 08:00:00"";""2022-04-27 12:00:00"";""2022-04-28 12:00:00"";""2022-04-28 16:00:00"";""2022-04-29 08:00:00"";""2022-04-29 12:00:00"";""2022-04-30 12:00:00"";""2022-04-30 16:00:00"""
"18;2;""2022-04-25 08:00:00"";""2022-04-25 17:00:00"";""2022-04-26 08:00:00"";""2022-04-26 17:00:00"";"""";"""";""2022-04-28 08:00:00"";""2022-04-28 17:00:00"";""2022-04-29 08:00:00"";""2022-04-29 17:00:00"";""2022-04-30 08:00:00"";""2022-04-30 17:00:00"""
"18;3;""2022-04-25 12:00:00"";""2022-04-25 16:00:00"";""2022-04-26 08:00:00"";""2022-04-26 12:00:00"";""2022-04-27 12:00:00"";""2022-04-27 16:00:00"";""2022-04-28 08:00:00"";""2022-04-28 12:00:00"";""2022-04-29 12:00:00"";""2022-04-29 16:00:00"";""2022-04-30 08:00:00"";""2022-04-30 12:00:00"""
"18;4;"""";"""";""2022-04-26 08:00:00"";""2022-04-26 17:00:00"";""2022-04-27 08:00:00"";""2022-04-27 17:00:00"";""2022-04-28 08:00:00"";""2022-04-28 17:00:00"";""2022-04-29 08:00:00"";""2022-04-29 17:00:00"";""2022-04-30 08:00:00"";""2022-04-30 17:00:00"""
"18;5;""2022-04-25 12:00:00"";""2022-04-25 16:00:00"";""2022-04-26 08:00:00"";""2022-04-26 12:00:00"";""2022-04-27 12:00:00"";""2022-04-27 16:00:00"";""2022-04-28 08:00:00"";""2022-04-28 12:00:00"";""2022-04-29 12:00:00"";""2022-04-29 16:00:00"";""2022-04-30 08:00:00"";""2022-04-30 12:00:00"""
"18;6;""2022-04-25 08:00:00"";""2022-04-25 12:00:00"";""2022-04-26 12:00:00"";""2022-04-26 16:00:00"";""2022-04-27 08:00:00"";""2022-04-27 12:00:00"";""2022-04-28 12:00:00"";""2022-04-28 16:00:00"";""2022-04-29 08:00:00"";""2022-04-29 12:00:00"";""2022-04-30 12:00:00"";""2022-04-30 16:00:00"""
"18;7;""2022-04-25 08:00:00"";""2022-04-25 17:00:00"";"""";"""";""2022-04-27 08:00:00"";""2022-04-27 17:00:00"";""2022-04-28 08:00:00"";""2022-04-28 17:00:00"";""2022-04-29 08:00:00"";""2022-04-29 17:00:00"";""2022-04-30 08:00:00"";""2022-04-30 17:00:00"""
"18;8;""2022-04-25 08:00:00"";""2022-04-25 12:00:00"";""2022-04-26 12:00:00"";""2022-04-26 16:00:00"";""2022-04-27 08:00:00"";""2022-04-27 12:00:00"";""2022-04-28 12:00:00"";""2022-04-28 16:00:00"";""2022-04-29 08:00:00"";""2022-04-29 12:00:00"";""2022-04-30 12:00:00"";""2022-04-30 16:00:00"""
"18;9;""2022-04-25 08:00:00"";""2022-04-25 12:00:00"";""2022-04-26 12:00:00"";""2022-04-26 16:00:00"";""2022-04-27 08:00:00"";""2022-04-27 12:00:00"";""2022-04-28 12:00:00"";""2022-04-28 16:00:00"";""2022-04-29 08:00:00"";""2022-04-29 12:00:00"";""2022-04-30 12:00:00"";""2022-04-30 16:00:00"""
"18;10;""2022-04-25 08:00:00"";""2022-04-25 12:00:00"";""2022-04-26 12:00:00"";""2022-04-26 16:00:00"";""2022-04-27 08:00:00"";""2022-04-27 12:00:00"";""2022-04-28 12:00:00"";""2022-04-28 16:00:00"";""2022-04-29 08:00:00"";""2022-04-29 12:00:00"";""2022-04-30 12:00:00"";""2022-04-30 16:00:00"""
"18;11;""2022-04-25 12:00:00"";""2022-04-25 16:00:00"";""2022-04-26 08:00:00"";""2022-04-26 12:00:00"";""2022-04-27 12:00:00"";""2022-04-27 16:00:00"";""2022-04-28 08:00:00"";""2022-04-28 12:00:00"";""2022-04-29 12:00:00"";""2022-04-29 16:00:00"";""2022-04-30 08:00:00"";""2022-04-30 12:00:00"""
"18;12;""2022-04-25 12:00:00"";""2022-04-25 16:00:00"";""2022-04-26 08:00:00"";""2022-04-26 12:00:00"";""2022-04-27 12:00:00"";""2022-04-27 16:00:00"";""2022-04-28 08:00:00"";""2022-04-28 12:00:00"";""2022-04-29 12:00:00"";""2022-04-29 16:00:00"";""2022-04-30 08:00:00"";""2022-04-30 12:00:00"""
"18;13;""2022-04-25 08:00:00"";""2022-04-25 12:00:00"";""2022-04-26 12:00:00"";""2022-04-26 16:00:00"";""2022-04-27 08:00:00"";""2022-04-27 12:00:00"";""2022-04-28 12:00:00"";""2022-04-28 16:00:00"";""2022-04-29 08:00:00"";""2022-04-29 12:00:00"";""2022-04-30 12:00:00"";""2022-04-30 16:00:00"""
"18;14;""2022-04-25 12:00:00"";""2022-04-25 16:00:00"";""2022-04-26 08:00:00"";""2022-04-26 12:00:00"";""2022-04-27 12:00:00"";""2022-04-27 16:00:00"";""2022-04-28 08:00:00"";""2022-04-28 12:00:00"";""2022-04-29 12:00:00"";""2022-04-29 16:00:00"";""2022-04-30 08:00:00"";""2022-04-30 12:00:00"""
"18;15;""2022-04-25 08:00:00"";""2022-04-25 12:00:00"";""2022-04-26 12:00:00"";""2022-04-26 16:00:00"";""2022-04-27 08:00:00"";""2022-04-27 12:00:00"";""2022-04-28 12:00:00"";""2022-04-28 16:00:00"";""2022-04-29 08:00:00"";""2022-04-29 12:00:00"";""2022-04-30 12:00:00"";""2022-04-30 16:00:00"""
"18;16;""2022-04-25 08:00:00"";""2022-04-25 12:00:00"";""2022-04-26 12:00:00"";""2022-04-26 16:00:00"";""2022-04-27 08:00:00"";""2022-04-27 12:00:00"";""2022-04-28 12:00:00"";""2022-04-28 16:00:00"";""2022-04-29 08:00:00"";""2022-04-29 12:00:00"";""2022-04-30 12:00:00"";""2022-04-30 16:00:00"""
"18;17;""2022-04-25 12:00:00"";""2022-04-25 16:00:00"";""2022-04-26 08:00:00"";""2022-04-26 12:00:00"";""2022-04-27 12:00:00"";""2022-04-27 16:00:00"";""2022-04-28 08:00:00"";""2022-04-28 12:00:00"";""2022-04-29 12:00:00"";""2022-04-29 16:00:00"";""2022-04-30 08:00:00"";""2022-04-30 12:00:00"""
"18;18;""2022-04-25 08:00:00"";""2022-04-25 17:00:00"";""2022-04-26 08:00:00"";""2022-04-26 17:00:00"";""2022-04-27 08:00:00"";""2022-04-27 17:00:00"";"""";"""";""2022-04-29 08:00:00"";""2022-04-29 17:00:00"";""2022-04-30 08:00:00"";""2022-04-30 17:00:00"""
"18;19;""2022-04-25 08:00:00"";""2022-04-25 17:00:00"";""2022-04-26 08:00:00"";""2022-04-26 17:00:00"";""2022-04-27 08:00:00"";""2022-04-27 17:00:00"";""2022-04-28 08:00:00"";""2022-04-28 17:00:00"";"""";"""";""2022-04-30 08:00:00"";""2022-04-30 17:00:00"""
"18;20;"""";"""";""2022-04-26 08:00:00"";""2022-04-26 17:00:00"";""2022-04-27 08:00:00"";""2022-04-27 17:00:00"";""2022-04-28 08:00:00"";""2022-04-28 17:00:00"";""2022-04-29 08:00:00"";""2022-04-29 17:00:00"";""2022-04-30 08:00:00"";""2022-04-30 17:00:00"""
"18;21;""2022-04-25 12:00:00"";""2022-04-25 16:00:00"";""2022-04-26 08:00:00"";""2022-04-26 12:00:00"";""2022-04-27 12:00:00"";""2022-04-27 16:00:00"";""2022-04-28 08:00:00"";""2022-04-28 12:00:00"";""2022-04-29 12:00:00"";""2022-04-29 16:00:00"";""2022-04-30 08:00:00"";""2022-04-30 12:00:00"""
"19;1;""2022-05-02 08:00:00"";""2022-05-02 12:00:00"";""2022-05-03 12:00:00"";""2022-05-03 16:00:00"";""2022-05-04 08:00:00"";""2022-05-04 12:00:00"";""2022-05-05 12:00:00"";""2022-05-05 16:00:00"";""2022-05-06 08:00:00"";""2022-05-06 12:00:00"";""2022-05-07 12:00:00"";""2022-05-07 16:00:00"""
"19;2;""2022-05-02 08:00:00"";""2022-05-02 17:00:00"";""2022-05-03 08:00:00"";""2022-05-03 17:00:00"";"""";"""";""2022-05-05 08:00:00"";""2022-05-05 17:00:00"";""2022-05-06 08:00:00"";""2022-05-06 17:00:00"";""2022-05-07 08:00:00"";""2022-05-07 17:00:00"""
"19;3;""2022-05-02 12:00:00"";""2022-05-02 16:00:00"";""2022-05-03 08:00:00"";""2022-05-03 12:00:00"";""2022-05-04 12:00:00"";""2022-05-04 16:00:00"";""2022-05-05 08:00:00"";""2022-05-05 12:00:00"";""2022-05-06 12:00:00"";""2022-05-06 16:00:00"";""2022-05-07 08:00:00"";""2022-05-07 12:00:00"""
"19;4;"""";"""";""2022-05-03 08:00:00"";""2022-05-03 17:00:00"";""2022-05-04 08:00:00"";""2022-05-04 17:00:00"";""2022-05-05 08:00:00"";""2022-05-05 17:00:00"";""2022-05-06 08:00:00"";""2022-05-06 17:00:00"";""2022-05-07 08:00:00"";""2022-05-07 17:00:00"""
"19;5;""2022-05-02 12:00:00"";""2022-05-02 16:00:00"";""2022-05-03 08:00:00"";""2022-05-03 12:00:00"";""2022-05-04 12:00:00"";""2022-05-04 16:00:00"";""2022-05-05 08:00:00"";""2022-05-05 12:00:00"";""2022-05-06 12:00:00"";""2022-05-06 16:00:00"";""2022-05-07 08:00:00"";""2022-05-07 12:00:00"""
"19;6;""2022-05-02 08:00:00"";""2022-05-02 12:00:00"";""2022-05-03 12:00:00"";""2022-05-03 16:00:00"";""2022-05-04 08:00:00"";""2022-05-04 12:00:00"";""2022-05-05 12:00:00"";""2022-05-05 16:00:00"";""2022-05-06 08:00:00"";""2022-05-06 12:00:00"";""2022-05-07 12:00:00"";""2022-05-07 16:00:00"""
"19;7;""2022-05-02 08:00:00"";""2022-05-02 17:00:00"";"""";"""";""2022-05-04 08:00:00"";""2022-05-04 17:00:00"";""2022-05-05 08:00:00"";""2022-05-05 17:00:00"";""2022-05-06 08:00:00"";""2022-05-06 17:00:00"";""2022-05-07 08:00:00"";""2022-05-07 17:00:00"""
"19;8;""2022-05-02 08:00:00"";""2022-05-02 12:00:00"";""2022-05-03 12:00:00"";""2022-05-03 16:00:00"";""2022-05-04 08:00:00"";""2022-05-04 12:00:00"";""2022-05-05 12:00:00"";""2022-05-05 16:00:00"";""2022-05-06 08:00:00"";""2022-05-06 12:00:00"";""2022-05-07 12:00:00"";""2022-05-07 16:00:00"""
"19;9;""2022-05-02 08:00:00"";""2022-05-02 12:00:00"";""2022-05-03 12:00:00"";""2022-05-03 16:00:00"";""2022-05-04 08:00:00"";""2022-05-04 12:00:00"";""2022-05-05 12:00:00"";""2022-05-05 16:00:00"";""2022-05-06 08:00:00"";""2022-05-06 12:00:00"";""2022-05-07 12:00:00"";""2022-05-07 16:00:00"""
"19;10;""2022-05-02 08:00:00"";""2022-05-02 12:00:00"";""2022-05-03 12:00:00"";""2022-05-03 16:00:00"";""2022-05-04 08:00:00"";""2022-05-04 12:00:00"";""2022-05-05 12:00:00"";""2022-05-05 16:00:00"";""2022-05-06 08:00:00"";""2022-05-06 12:00:00"";""2022-05-07 12:00:00"";""2022-05-07 16:00:00"""
"19;11;""2022-05-02 12:00:00"";""2022-05-02 16:00:00"";""2022-05-03 08:00:00"";""2022-05-03 12:00:00"";""2022-05-04 12:00:00"";""2022-05-04 16:00:00"";""2022-05-05 08:00:00"";""2022-05-05 12:00:00"";""2022-05-06 12:00:00"";""2022-05-06 16:00:00"";""2022-05-07 08:00:00"";""2022-05-07 12:00:00"""
"19;12;""2022-05-02 12:00:00"";""2022-05-02 16:00:00"";""2022-05-03 08:00:00"";""2022-05-03 12:00:00"";""2022-05-04 12:00:00"";""2022-05-04 16:00:00"";""2022-05-05 08:00:00"";""2022-05-05 12:00:00"";""2022-05-06 12:00:00"";""2022-05-06 16:00:00"";""2022-05-07 08:00:00"";""2022-05-07 12:00:00"""
"19;13;""2022-05-02 08:00:00"";""2022-05-02 12:00:00"";""2022-05-03 12:00:00"";""2022-05-03 16:00:00"";""2022-05-04 08:00:00"";""2022-05-04 12:00:00"";""2022-05-05 12:00:00"";""2022-05-05 16:00:00"";""2022-05-06 08:00:00"";""2022-05-06 12:00:00"";""2022-05-07 12:00:00"";""2022-05-07 16:00:00"""
"19;14;""2022-05-02 12:00:00"";""2022-05-02 16:00:00"";""2022-05-03 08:00:00"";""2022-05-03 12:00:00"";""2022-05-04 12:00:00"";""2022-05-04 16:00:00"";""2022-05-05 08:00:00"";""2022-05-05 12:00:00"";""2022-05-06 12:00:00"";""2022-05-06 16:00:00"";""2022-05-07 08:00:00"";""2022-05-07 12:00:00"""
"19;15;""2022-05-02 08:00:00"";""2022-05-02 12:00:00"";""2022-05-03 12:00:00"";""2022-05-03 16:00:00"";""2022-05-04 08:00:00"";""2022-05-04 12:00:00"";""2022-05-05 12:00:00"";""2022-05-05 16:00:00"";""2022-05-06 08:00:00"";""2022-05-06 12:00:00"";""2022-05-07 12:00:00"";""2022-05-07 16:00:00"""
"19;16;""2022-05-02 08:00:00"";""2022-05-02 12:00:00"";""2022-05-03 12:00:00"";""2022-05-03 16:00:00"";""2022-05-04 08:00:00"";""2022-05-04 12:00:00"";""2022-05-05 12:00:00"";""2022-05-05 16:00:00"";""2022-05-06 08:00:00"";""2022-05-06 12:00:00"";""2022-05-07 12:00:00"";""2022-05-07 16:00:00"""
"19;17;""2022-05-02 12:00:00"";""2022-05-02 16:00:00"";""2022-05-03 08:00:00"";""2022-05-03 12:00:00"";""2022-05-04 12:00:00"";""2022-05-04 16:00:00"";""2022-05-05 08:00:00"";""2022-05-05 12:00:00"";""2022-05-06 12:00:00"";""2022-05-06 16:00:00"";""2022-05-07 08:00:00"";""2022-05-07 12:00:00"""
"19;18;""2022-05-02 08:00:00"";""2022-05-02 17:00:00"";""2022-05-03 08:00:00"";""2022-05-03 17:00:00"";""2022-05-04 08:00:00"";""2022-05-04 17:00:00"";"""";"""";""2022-05-06 08:00:00"";""2022-05-06 17:00:00"";""2022-05-07 08:00:00"";""2022-05-07 17:00:00"""
"19;19;""2022-05-02 08:00:00"";""2022-05-02 17:00:00"";""2022-05-03 08:00:00"";""2022-05-03 17:00:00"";""2022-05-04 08:00:00"";""2022-05-04 17:00:00"";""2022-05-05 08:00:00"";""2022-05-05 17:00:00"";"""";"""";""2022-05-07 08:00:00"";""2022-05-07 17:00:00"""
"19;20;"""";"""";""2022-05-03 08:00:00"";""2022-05-03 17:00:00"";""2022-05-04 08:00:00"";""2022-05-04 17:00:00"";""2022-05-05 08:00:00"";""2022-05-05 17:00:00"";""2022-05-06 08:00:00"";""2022-05-06 17:00:00"";""2022-05-07 08:00:00"";""2022-05-07 17:00:00"""
"19;21;""2022-05-02 12:00:00"";""2022-05-02 16:00:00"";""2022-05-03 08:00:00"";""2022-05-03 12:00:00"";""2022-05-04 12:00:00"";""2022-05-04 16:00:00"";""2022-05-05 08:00:00"";""2022-05-05 12:00:00"";""2022-05-06 12:00:00"";""2022-05-06 16:00:00"";""2022-05-07 08:00:00"";""2022-05-07 12:00:00"""
"20;1;""2022-05-09 08:00:00"";""2022-05-09 12:00:00"";""2022-05-10 12:00:00"";""2022-05-10 16:00:00"";""2022-05-11 08:00:00"";""2022-05-11 12:00:00"";""2022-05-12 12:00:00"";""2022-05-12 16:00:00"";""2022-05-13 08:00:00"";""2022-05-13 12:00:00"";""2022-05-14 12:00:00"";""2022-05-14 16:00:00"""
"20;2;""2022-05-09 08:00:00"";""2022-05-09 17:00:00"";""2022-05-10 08:00:00"";""2022-05-10 17:00:00"";"""";"""";""2022-05-12 08:00:00"";""2022-05-12 17:00:00"";""2022-05-13 08:00:00"";""2022-05-13 17:00:00"";""2022-05-14 08:00:00"";""2022-05-14 17:00:00"""
"20;3;""2022-05-09 12:00:00"";""2022-05-09 16:00:00"";""2022-05-10 08:00:00"";""2022-05-10 12:00:00"";""2022-05-11 12:00:00"";""2022-05-11 16:00:00"";""2022-05-12 08:00:00"";""2022-05-12 12:00:00"";""2022-05-13 12:00:00"";""2022-05-13 16:00:00"";""2022-05-14 08:00:00"";""2022-05-14 12:00:00"""
"20;4;"""";"""";""2022-05-10 08:00:00"";""2022-05-10 17:00:00"";""2022-05-11 08:00:00"";""2022-05-11 17:00:00"";""2022-05-12 08:00:00"";""2022-05-12 17:00:00"";""2022-05-13 08:00:00"";""2022-05-13 17:00:00"";""2022-05-14 08:00:00"";""2022-05-14 17:00:00"""
"20;5;""2022-05-09 12:00:00"";""2022-05-09 16:00:00"";""2022-05-10 08:00:00"";""2022-05-10 12:00:00"";""2022-05-11 12:00:00"";""2022-05-11 16:00:00"";""2022-05-12 08:00:00"";""2022-05-12 12:00:00"";""2022-05-13 12:00:00"";""2022-05-13 16:00:00"";""2022-05-14 08:00:00"";""2022-05-14 12:00:00"""
"20;6;""2022-05-09 08:00:00"";""2022-05-09 12:00:00"";""2022-05-10 12:00:00"";""2022-05-10 16:00:00"";""2022-05-11 08:00:00"";""2022-05-11 12:00:00"";""2022-05-12 12:00:00"";""2022-05-12 16:00:00"";""2022-05-13 08:00:00"";""2022-05-13 12:00:00"";""2022-05-14 12:00:00"";""2022-05-14 16:00:00"""
"20;7;""2022-05-09 08:00:00"";""2022-05-09 17:00:00"";"""";"""";""2022-05-11 08:00:00"";""2022-05-11 17:00:00"";""2022-05-12 08:00:00"";""2022-05-12 17:00:00"";""2022-05-13 08:00:00"";""2022-05-13 17:00:00"";""2022-05-14 08:00:00"";""2022-05-14 17:00:00"""
"20;8;""2022-05-09 08:00:00"";""2022-05-09 12:00:00"";""2022-05-10 12:00:00"";""2022-05-10 16:00:00"";""2022-05-11 08:00:00"";""2022-05-11 12:00:00"";""2022-05-12 12:00:00"";""2022-05-12 16:00:00"";""2022-05-13 08:00:00"";""2022-05-13 12:00:00"";""2022-05-14 12:00:00"";""2022-05-14 16:00:00"""
"20;9;""2022-05-09 08:00:00"";""2022-05-09 12:00:00"";""2022-05-10 12:00:00"";""2022-05-10 16:00:00"";""2022-05-11 08:00:00"";""2022-05-11 12:00:00"";""2022-05-12 12:00:00"";""2022-05-12 16:00:00"";""2022-05-13 08:00:00"";""2022-05-13 12:00:00"";""2022-05-14 12:00:00"";""2022-05-14 16:00:00"""
"20;10;""2022-05-09 08:00:00"";""2022-05-09 12:00:00"";""2022-05-10 12:00:00"";""2022-05-10 16:00:00"";""2022-05-11 08:00:00"";""2022-05-11 12:00:00"";""2022-05-12 12:00:00"";""2022-05-12 16:00:00"";""2022-05-13 08:00:00"";""2022-05-13 12:00:00"";""2022-05-14 12:00:00"";""2022-05-14 16:00:00"""
"20;11;""2022-05-09 12:00:00"";""2022-05-09 16:00:00"";""2022-05-10 08:00:00"";""2022-05-10 12:00:00"";""2022-05-11 12:00:00"";""2022-05-11 16:00:00"";""2022-05-12 08:00:00"";""2022-05-12 12:00:00"";""2022-05-13 12:00:00"";""2022-05-13 16:00:00"";""2022-05-14 08:00:00"";""2022-05-14 12:00:00"""
"20;12;""2022-05-09 12:00:00"";""2022-05-09 16:00:00"";""2022-05-10 08:00:00"";""2022-05-10 12:00:00"";""2022-05-11 12:00:00"";""2022-05-11 16:00:00"";""2022-05-12 08:00:00"";""2022-05-12 12:00:00"";""2022-05-13 12:00:00"";""2022-05-13 16:00:00"";""2022-05-14 08:00:00"";""2022-05-14 12:00:00"""
"20;13;""2022-05-09 08:00:00"";""2022-05-09 12:00:00"";""2022-05-10 12:00:00"";""2022-05-10 16:00:00"";""2022-05-11 08:00:00"";""2022-05-11 12:00:00"";""2022-05-12 12:00:00"";""2022-05-12 16:00:00"";""2022-05-13 08:00:00"";""2022-05-13 12:00:00"";""2022-05-14 12:00:00"";""2022-05-14 16:00:00"""
"20;14;""2022-05-09 12:00:00"";""2022-05-09 16:00:00"";""2022-05-10 08:00:00"";""2022-05-10 12:00:00"";""2022-05-11 12:00:00"";""2022-05-11 16:00:00"";""2022-05-12 08:00:00"";""2022-05-12 12:00:00"";""2022-05-13 12:00:00"";""2022-05-13 16:00:00"";""2022-05-14 08:00:00"";""2022-05-14 12:00:00"""
"20;15;""2022-05-09 08:00:00"";""2022-05-09 12:00:00"";""2022-05-10 12:00:00"";""2022-05-10 16:00:00"";""2022-05-11 08:00:00"";""2022-05-11 12:00:00"";""2022-05-12 12:00:00"";""2022-05-12 16:00:00"";""2022-05-13 08:00:00"";""2022-05-13 12:00:00"";""2022-05-14 12:00:00"";""2022-05-14 16:00:00"""
"20;16;""2022-05-09 08:00:00"";""2022-05-09 12:00:00"";""2022-05-10 12:00:00"";""2022-05-10 16:00:00"";""2022-05-11 08:00:00"";""2022-05-11 12:00:00"";""2022-05-12 12:00:00"";""2022-05-12 16:00:00"";""2022-05-13 08:00:00"";""2022-05-13 12:00:00"";""2022-05-14 12:00:00"";""2022-05-14 16:00:00"""
"20;17;""2022-05-09 12:00:00"";""2022-05-09 16:00:00"";""2022-05-10 08:00:00"";""2022-05-10 12:00:00"";""2022-05-11 12:00:00"";""2022-05-11 16:00:00"";""2022-05-12 08:00:00"";""2022-05-12 12:00:00"";""2022-05-13 12:00:00"";""2022-05-13 16:00:00"";""2022-05-14 08:00:00"";""2022-05-14 12:00:00"""
"20;18;""2022-05-09 08:00:00"";""2022-05-09 17:00:00"";""2022-05-10 08:00:00"";""2022-05-10 17:00:00"";""2022-05-11 08:00:00"";""2022-05-11 17:00:00"";"""";"""";""2022-05-13 08:00:00"";""2022-05-13 17:00:00"";""2022-05-14 08:00:00"";""2022-05-14 17:00:00"""
"20;19;""2022-05-09 08:00:00"";""2022-05-09 17:00:00"";""2022-05-10 08:00:00"";""2022-05-10 17:00:00"";""2022-05-11 08:00:00"";""2022-05-11 17:00:00"";""2022-05-12 08:00:00"";""2022-05-12 17:00:00"";"""";"""";""2022-05-14 08:00:00"";""2022-05-14 17:00:00"""
"20;20;"""";"""";""2022-05-10 08:00:00"";""2022-05-10 17:00:00"";""2022-05-11 08:00:00"";""2022-05-11 17:00:00"";""2022-05-12 08:00:00"";""2022-05-12 17:00:00"";""2022-05-13 08:00:00"";""2022-05-13 17:00:00"";""2022-05-14 08:00:00"";""2022-05-14 17:00:00"""
"20;21;""2022-05-09 12:00:00"";""2022-05-09 16:00:00"";""2022-05-10 08:00:00"";""2022-05-10 12:00:00"";""2022-05-11 12:00:00"";""2022-05-11 16:00:00"";""2022-05-12 08:00:00"";""2022-05-12 12:00:00"";""2022-05-13 12:00:00"";""2022-05-13 16:00:00"";""2022-05-14 08:00:00"";""2022-05-14 12:00:00"""
"21;1;""2022-05-16 08:00:00"";""2022-05-16 12:00:00"";""2022-05-17 12:00:00"";""2022-05-17 16:00:00"";""2022-05-18 08:00:00"";""2022-05-18 12:00:00"";""2022-05-19 12:00:00"";""2022-05-19 16:00:00"";""2022-05-20 08:00:00"";""2022-05-20 12:00:00"";""2022-05-21 12:00:00"";""2022-05-21 16:00:00"""
"21;2;""2022-05-16 08:00:00"";""2022-05-16 17:00:00"";""2022-05-17 08:00:00"";""2022-05-17 17:00:00"";"""";"""";""2022-05-19 08:00:00"";""2022-05-19 17:00:00"";""2022-05-20 08:00:00"";""2022-05-20 17:00:00"";""2022-05-21 08:00:00"";""2022-05-21 17:00:00"""
"21;3;""2022-05-16 12:00:00"";""2022-05-16 16:00:00"";""2022-05-17 08:00:00"";""2022-05-17 12:00:00"";""2022-05-18 12:00:00"";""2022-05-18 16:00:00"";""2022-05-19 08:00:00"";""2022-05-19 12:00:00"";""2022-05-20 12:00:00"";""2022-05-20 16:00:00"";""2022-05-21 08:00:00"";""2022-05-21 12:00:00"""
"21;4;"""";"""";""2022-05-17 08:00:00"";""2022-05-17 17:00:00"";""2022-05-18 08:00:00"";""2022-05-18 17:00:00"";""2022-05-19 08:00:00"";""2022-05-19 17:00:00"";""2022-05-20 08:00:00"";""2022-05-20 17:00:00"";""2022-05-21 08:00:00"";""2022-05-21 17:00:00"""
"21;5;""2022-05-16 12:00:00"";""2022-05-16 16:00:00"";""2022-05-17 08:00:00"";""2022-05-17 12:00:00"";""2022-05-18 12:00:00"";""2022-05-18 16:00:00"";""2022-05-19 08:00:00"";""2022-05-19 12:00:00"";""2022-05-20 12:00:00"";""2022-05-20 16:00:00"";""2022-05-21 08:00:00"";""2022-05-21 12:00:00"""
"21;6;""2022-05-16 08:00:00"";""2022-05-16 12:00:00"";""2022-05-17 12:00:00"";""2022-05-17 16:00:00"";""2022-05-18 08:00:00"";""2022-05-18 12:00:00"";""2022-05-19 12:00:00"";""2022-05-19 16:00:00"";""2022-05-20 08:00:00"";""2022-05-20 12:00:00"";""2022-05-21 12:00:00"";""2022-05-21 16:00:00"""
"21;7;""2022-05-16 08:00:00"";""2022-05-16 17:00:00"";"""";"""";""2022-05-18 08:00:00"";""2022-05-18 17:00:00"";""2022-05-19 08:00:00"";""2022-05-19 17:00:00"";""2022-05-20 08:00:00"";""2022-05-20 17:00:00"";""2022-05-21 08:00:00"";""2022-05-21 17:00:00"""
"21;8;""2022-05-16 08:00:00"";""2022-05-16 12:00:00"";""2022-05-17 12:00:00"";""2022-05-17 16:00:00"";""2022-05-18 08:00:00"";""2022-05-18 12:00:00"";""2022-05-19 12:00:00"";""2022-05-19 16:00:00"";""2022-05-20 08:00:00"";""2022-05-20 12:00:00"";""2022-05-21 12:00:00"";""2022-05-21 16:00:00"""
"21;9;""2022-05-16 08:00:00"";""2022-05-16 12:00:00"";""2022-05-17 12:00:00"";""2022-05-17 16:00:00"";""2022-05-18 08:00:00"";""2022-05-18 12:00:00"";""2022-05-19 12:00:00"";""2022-05-19 16:00:00"";""2022-05-20 08:00:00"";""2022-05-20 12:00:00"";""2022-05-21 12:00:00"";""2022-05-21 16:00:00"""
"21;10;""2022-05-16 08:00:00"";""2022-05-16 12:00:00"";""2022-05-17 12:00:00"";""2022-05-17 16:00:00"";""2022-05-18 08:00:00"";""2022-05-18 12:00:00"";""2022-05-19 12:00:00"";""2022-05-19 16:00:00"";""2022-05-20 08:00:00"";""2022-05-20 12:00:00"";""2022-05-21 12:00:00"";""2022-05-21 16:00:00"""
"21;11;""2022-05-16 12:00:00"";""2022-05-16 16:00:00"";""2022-05-17 08:00:00"";""2022-05-17 12:00:00"";""2022-05-18 12:00:00"";""2022-05-18 16:00:00"";""2022-05-19 08:00:00"";""2022-05-19 12:00:00"";""2022-05-20 12:00:00"";""2022-05-20 16:00:00"";""2022-05-21 08:00:00"";""2022-05-21 12:00:00"""
"21;12;""2022-05-16 12:00:00"";""2022-05-16 16:00:00"";""2022-05-17 08:00:00"";""2022-05-17 12:00:00"";""2022-05-18 12:00:00"";""2022-05-18 16:00:00"";""2022-05-19 08:00:00"";""2022-05-19 12:00:00"";""2022-05-20 12:00:00"";""2022-05-20 16:00:00"";""2022-05-21 08:00:00"";""2022-05-21 12:00:00"""
"21;13;""2022-05-16 08:00:00"";""2022-05-16 12:00:00"";""2022-05-17 12:00:00"";""2022-05-17 16:00:00"";""2022-05-18 08:00:00"";""2022-05-18 12:00:00"";""2022-05-19 12:00:00"";""2022-05-19 16:00:00"";""2022-05-20 08:00:00"";""2022-05-20 12:00:00"";""2022-05-21 12:00:00"";""2022-05-21 16:00:00"""
"21;14;""2022-05-16 12:00:00"";""2022-05-16 16:00:00"";""2022-05-17 08:00:00"";""2022-05-17 12:00:00"";""2022-05-18 12:00:00"";""2022-05-18 16:00:00"";""2022-05-19 08:00:00"";""2022-05-19 12:00:00"";""2022-05-20 12:00:00"";""2022-05-20 16:00:00"";""2022-05-21 08:00:00"";""2022-05-21 12:00:00"""
"21;15;""2022-05-16 08:00:00"";""2022-05-16 12:00:00"";""2022-05-17 12:00:00"";""2022-05-17 16:00:00"";""2022-05-18 08:00:00"";""2022-05-18 12:00:00"";""2022-05-19 12:00:00"";""2022-05-19 16:00:00"";""2022-05-20 08:00:00"";""2022-05-20 12:00:00"";""2022-05-21 12:00:00"";""2022-05-21 16:00:00"""
"21;16;""2022-05-16 08:00:00"";""2022-05-16 12:00:00"";""2022-05-17 12:00:00"";""2022-05-17 16:00:00"";""2022-05-18 08:00:00"";""2022-05-18 12:00:00"";""2022-05-19 12:00:00"";""2022-05-19 16:00:00"";""2022-05-20 08:00:00"";""2022-05-20 12:00:00"";""2022-05-21 12:00:00"";""2022-05-21 16:00:00"""
"21;17;""2022-05-16 12:00:00"";""2022-05-16 16:00:00"";""2022-05-17 08:00:00"";""2022-05-17 12:00:00"";""2022-05-18 12:00:00"";""2022-05-18 16:00:00"";""2022-05-19 08:00:00"";""2022-05-19 12:00:00"";""2022-05-20 12:00:00"";""2022-05-20 16:00:00"";""2022-05-21 08:00:00"";""2022-05-21 12:00:00"""
"21;18;""2022-05-16 08:00:00"";""2022-05-16 17:00:00"";""2022-05-17 08:00:00"";""2022-05-17 17:00:00"";""2022-05-18 08:00:00"";""2022-05-18 17:00:00"";"""";"""";""2022-05-20 08:00:00"";""2022-05-20 17:00:00"";""2022-05-21 08:00:00"";""2022-05-21 17:00:00"""
"21;19;""2022-05-16 08:00:00"";""2022-05-16 17:00:00"";""2022-05-17 08:00:00"";""2022-05-17 17:00:00"";""2022-05-18 08:00:00"";""2022-05-18 17:00:00"";""2022-05-19 08:00:00"";""2022-05-19 17:00:00"";"""";"""";""2022-05-21 08:00:00"";""2022-05-21 17:00:00"""
"21;20;"""";"""";""2022-05-17 08:00:00"";""2022-05-17 17:00:00"";""2022-05-18 08:00:00"";""2022-05-18 17:00:00"";""2022-05-19 08:00:00"";""2022-05-19 17:00:00"";""2022-05-20 08:00:00"";""2022-05-20 17:00:00"";""2022-05-21 08:00:00"";""2022-05-21 17:00:00"""
"21;21;""2022-05-16 12:00:00"";""2022-05-16 16:00:00"";""2022-05-17 08:00:00"";""2022-05-17 12:00:00"";""2022-05-18 12:00:00"";""2022-05-18 16:00:00"";""2022-05-19 08:00:00"";""2022-05-19 12:00:00"";""2022-05-20 12:00:00"";""2022-05-20 16:00:00"";""2022-05-21 08:00:00"";""2022-05-21 12:00:00"""
"22;1;""2022-05-23 08:00:00"";""2022-05-23 12:00:00"";""2022-05-24 12:00:00"";""2022-05-24 16:00:00"";""2022-05-25 08:00:00"";""2022-05-25 12:00:00"";""2022-05-26 12:00:00"";""2022-05-26 16:00:00"";""2022-05-27 08:00:00"";""2022-05-27 12:00:00"";""2022-05-28 12:00:00"";""2022-05-28 16:00:00"""
"22;2;""2022-05-23 08:00:00"";""2022-05-23 17:00:00"";""2022-05-24 08:00:00"";""2022-05-24 17:00:00"";"""";"""";""2022-05-26 08:00:00"";""2022-05-26 17:00:00"";""2022-05-27 08:00:00"";""2022-05-27 17:00:00"";""2022-05-28 08:00:00"";""2022-05-28 17:00:00"""
"22;3;""2022-05-23 12:00:00"";""2022-05-23 16:00:00"";""2022-05-24 08:00:00"";""2022-05-24 12:00:00"";""2022-05-25 12:00:00"";""2022-05-25 16:00:00"";""2022-05-26 08:00:00"";""2022-05-26 12:00:00"";""2022-05-27 12:00:00"";""2022-05-27 16:00:00"";""2022-05-28 08:00:00"";""2022-05-28 12:00:00"""
"22;4;"""";"""";""2022-05-24 08:00:00"";""2022-05-24 17:00:00"";""2022-05-25 08:00:00"";""2022-05-25 17:00:00"";""2022-05-26 08:00:00"";""2022-05-26 17:00:00"";""2022-05-27 08:00:00"";""2022-05-27 17:00:00"";""2022-05-28 08:00:00"";""2022-05-28 17:00:00"""
"22;5;""2022-05-23 12:00:00"";""2022-05-23 16:00:00"";""2022-05-24 08:00:00"";""2022-05-24 12:00:00"";""2022-05-25 12:00:00"";""2022-05-25 16:00:00"";""2022-05-26 08:00:00"";""2022-05-26 12:00:00"";""2022-05-27 12:00:00"";""2022-05-27 16:00:00"";""2022-05-28 08:00:00"";""2022-05-28 12:00:00"""
"22;6;""2022-05-23 08:00:00"";""2022-05-23 12:00:00"";""2022-05-24 12:00:00"";""2022-05-24 16:00:00"";""2022-05-25 08:00:00"";""2022-05-25 12:00:00"";""2022-05-26 12:00:00"";""2022-05-26 16:00:00"";""2022-05-27 08:00:00"";""2022-05-27 12:00:00"";""2022-05-28 12:00:00"";""2022-05-28 16:00:00"""
"22;7;""2022-05-23 08:00:00"";""2022-05-23 17:00:00"";"""";"""";""2022-05-25 08:00:00"";""2022-05-25 17:00:00"";""2022-05-26 08:00:00"";""2022-05-26 17:00:00"";""2022-05-27 08:00:00"";""2022-05-27 17:00:00"";""2022-05-28 08:00:00"";""2022-05-28 17:00:00"""
"22;8;""2022-05-23 08:00:00"";""2022-05-23 12:00:00"";""2022-05-24 12:00:00"";""2022-05-24 16:00:00"";""2022-05-25 08:00:00"";""2022-05-25 12:00:00"";""2022-05-26 12:00:00"";""2022-05-26 16:00:00"";""2022-05-27 08:00:00"";""2022-05-27 12:00:00"";""2022-05-28 12:00:00"";""2022-05-28 16:00:00"""
"22;9;""2022-05-23 08:00:00"";""2022-05-23 12:00:00"";""2022-05-24 12:00:00"";""2022-05-24 16:00:00"";""2022-05-25 08:00:00"";""2022-05-25 12:00:00"";""2022-05-26 12:00:00"";""2022-05-26 16:00:00"";""2022-05-27 08:00:00"";""2022-05-27 12:00:00"";""2022-05-28 12:00:00"";""2022-05-28 16:00:00"""
"22;10;""2022-05-23 08:00:00"";""2022-05-23 12:00:00"";""2022-05-24 12:00:00"";""2022-05-24 16:00:00"";""2022-05-25 08:00:00"";""2022-05-25 12:00:00"";""2022-05-26 12:00:00"";""2022-05-26 16:00:00"";""2022-05-27 08:00:00"";""2022-05-27 12:00:00"";""2022-05-28 12:00:00"";""2022-05-28 16:00:00"""
"22;11;""2022-05-23 12:00:00"";""2022-05-23 16:00:00"";""2022-05-24 08:00:00"";""2022-05-24 12:00:00"";""2022-05-25 12:00:00"";""2022-05-25 16:00:00"";""2022-05-26 08:00:00"";""2022-05-26 12:00:00"";""2022-05-27 12:00:00"";""2022-05-27 16:00:00"";""2022-05-28 08:00:00"";""2022-05-28 12:00:00"""
"22;12;""2022-05-23 12:00:00"";""2022-05-23 16:00:00"";""2022-05-24 08:00:00"";""2022-05-24 12:00:00"";""2022-05-25 12:00:00"";""2022-05-25 16:00:00"";""2022-05-26 08:00:00"";""2022-05-26 12:00:00"";""2022-05-27 12:00:00"";""2022-05-27 16:00:00"";""2022-05-28 08:00:00"";""2022-05-28 12:00:00"""
"22;13;""2022-05-23 08:00:00"";""2022-05-23 12:00:00"";""2022-05-24 12:00:00"";""2022-05-24 16:00:00"";""2022-05-25 08:00:00"";""2022-05-25 12:00:00"";""2022-05-26 12:00:00"";""2022-05-26 16:00:00"";""2022-05-27 08:00:00"";""2022-05-27 12:00:00"";""2022-05-28 12:00:00"";""2022-05-28 16:00:00"""
"22;14;""2022-05-23 12:00:00"";""2022-05-23 16:00:00"";""2022-05-24 08:00:00"";""2022-05-24 12:00:00"";""2022-05-25 12:00:00"";""2022-05-25 16:00:00"";""2022-05-26 08:00:00"";""2022-05-26 12:00:00"";""2022-05-27 12:00:00"";""2022-05-27 16:00:00"";""2022-05-28 08:00:00"";""2022-05-28 12:00:00"""
"22;15;""2022-05-23 08:00:00"";""2022-05-23 12:00:00"";""2022-05-24 12:00:00"";""2022-05-24 16:00:00"";""2022-05-25 08:00:00"";""2022-05-25 12:00:00"";""2022-05-26 12:00:00"";""2022-05-26 16:00:00"";""2022-05-27 08:00:00"";""2022-05-27 12:00:00"";""2022-05-28 12:00:00"";""2022-05-28 16:00:00"""
"22;16;""2022-05-23 08:00:00"";""2022-05-23 12:00:00"";""2022-05-24 12:00:00"";""2022-05-24 16:00:00"";""2022-05-25 08:00:00"";""2022-05-25 12:00:00"";""2022-05-26 12:00:00"";""2022-05-26 16:00:00"";""2022-05-27 08:00:00"";""2022-05-27 12:00:00"";""2022-05-28 12:00:00"";""2022-05-28 16:00:00"""
"22;17;""2022-05-23 12:00:00"";""2022-05-23 16:00:00"";""2022-05-24 08:00:00"";""2022-05-24 12:00:00"";""2022-05-25 12:00:00"";""2022-05-25 16:00:00"";""2022-05-26 08:00:00"";""2022-05-26 12:00:00"";""2022-05-27 12:00:00"";""2022-05-27 16:00:00"";""2022-05-28 08:00:00"";""2022-05-28 12:00:00"""
"22;18;""2022-05-23 08:00:00"";""2022-05-23 17:00:00"";""2022-05-24 08:00:00"";""2022-05-24 17:00:00"";""2022-05-25 08:00:00"";""2022-05-25 17:00:00"";"""";"""";""2022-05-27 08:00:00"";""2022-05-27 17:00:00"";""2022-05-28 08:00:00"";""2022-05-28 17:00:00"""
"22;19;""2022-05-23 08:00:00"";""2022-05-23 17:00:00"";""2022-05-24 08:00:00"";""2022-05-24 17:00:00"";""2022-05-25 08:00:00"";""2022-05-25 17:00:00"";""2022-05-26 08:00:00"";""2022-05-26 17:00:00"";"""";"""";""2022-05-28 08:00:00"";""2022-05-28 17:00:00"""
"22;20;"""";"""";""2022-05-24 08:00:00"";""2022-05-24 17:00:00"";""2022-05-25 08:00:00"";""2022-05-25 17:00:00"";""2022-05-26 08:00:00"";""2022-05-26 17:00:00"";""2022-05-27 08:00:00"";""2022-05-27 17:00:00"";""2022-05-28 08:00:00"";""2022-05-28 17:00:00"""
"22;21;""2022-05-23 12:00:00"";""2022-05-23 16:00:00"";""2022-05-24 08:00:00"";""2022-05-24 12:00:00"";""2022-05-25 12:00:00"";""2022-05-25 16:00:00"";""2022-05-26 08:00:00"";""2022-05-26 12:00:00"";""2022-05-27 12:00:00"";""2022-05-27 16:00:00"";""2022-05-28 08:00:00"";""2022-05-28 12:00:00"""
"23;1;""2022-05-30 08:00:00"";""2022-05-30 12:00:00"";""2022-05-31 12:00:00"";""2022-05-31 16:00:00"";""2022-06-01 08:00:00"";""2022-06-01 12:00:00"";""2022-06-02 12:00:00"";""2022-06-02 16:00:00"";""2022-06-03 08:00:00"";""2022-06-03 12:00:00"";""2022-06-04 12:00:00"";""2022-06-04 16:00:00"""
"23;2;""2022-05-30 08:00:00"";""2022-05-30 17:00:00"";""2022-05-31 08:00:00"";""2022-05-31 17:00:00"";"""";"""";""2022-06-02 08:00:00"";""2022-06-02 17:00:00"";""2022-06-03 08:00:00"";""2022-06-03 17:00:00"";""2022-06-04 08:00:00"";""2022-06-04 17:00:00"""
"23;3;""2022-05-30 12:00:00"";""2022-05-30 16:00:00"";""2022-05-31 08:00:00"";""2022-05-31 12:00:00"";""2022-06-01 12:00:00"";""2022-06-01 16:00:00"";""2022-06-02 08:00:00"";""2022-06-02 12:00:00"";""2022-06-03 12:00:00"";""2022-06-03 16:00:00"";""2022-06-04 08:00:00"";""2022-06-04 12:00:00"""
"23;4;"""";"""";""2022-05-31 08:00:00"";""2022-05-31 17:00:00"";""2022-06-01 08:00:00"";""2022-06-01 17:00:00"";""2022-06-02 08:00:00"";""2022-06-02 17:00:00"";""2022-06-03 08:00:00"";""2022-06-03 17:00:00"";""2022-06-04 08:00:00"";""2022-06-04 17:00:00"""
"23;5;""2022-05-30 12:00:00"";""2022-05-30 16:00:00"";""2022-05-31 08:00:00"";""2022-05-31 12:00:00"";""2022-06-01 12:00:00"";""2022-06-01 16:00:00"";""2022-06-02 08:00:00"";""2022-06-02 12:00:00"";""2022-06-03 12:00:00"";""2022-06-03 16:00:00"";""2022-06-04 08:00:00"";""2022-06-04 12:00:00"""
"23;6;""2022-05-30 08:00:00"";""2022-05-30 12:00:00"";""2022-05-31 12:00:00"";""2022-05-31 16:00:00"";""2022-06-01 08:00:00"";""2022-06-01 12:00:00"";""2022-06-02 12:00:00"";""2022-06-02 16:00:00"";""2022-06-03 08:00:00"";""2022-06-03 12:00:00"";""2022-06-04 12:00:00"";""2022-06-04 16:00:00"""
"23;7;""2022-05-30 08:00:00"";""2022-05-30 17:00:00"";"""";"""";""2022-06-01 08:00:00"";""2022-06-01 17:00:00"";""2022-06-02 08:00:00"";""2022-06-02 17:00:00"";""2022-06-03 08:00:00"";""2022-06-03 17:00:00"";""2022-06-04 08:00:00"";""2022-06-04 17:00:00"""
"23;8;""2022-05-30 08:00:00"";""2022-05-30 12:00:00"";""2022-05-31 12:00:00"";""2022-05-31 16:00:00"";""2022-06-01 08:00:00"";""2022-06-01 12:00:00"";""2022-06-02 12:00:00"";""2022-06-02 16:00:00"";""2022-06-03 08:00:00"";""2022-06-03 12:00:00"";""2022-06-04 12:00:00"";""2022-06-04 16:00:00"""
"23;9;""2022-05-30 08:00:00"";""2022-05-30 12:00:00"";""2022-05-31 12:00:00"";""2022-05-31 16:00:00"";""2022-06-01 08:00:00"";""2022-06-01 12:00:00"";""2022-06-02 12:00:00"";""2022-06-02 16:00:00"";""2022-06-03 08:00:00"";""2022-06-03 12:00:00"";""2022-06-04 12:00:00"";""2022-06-04 16:00:00"""
"23;10;""2022-05-30 08:00:00"";""2022-05-30 12:00:00"";""2022-05-31 12:00:00"";""2022-05-31 16:00:00"";""2022-06-01 08:00:00"";""2022-06-01 12:00:00"";""2022-06-02 12:00:00"";""2022-06-02 16:00:00"";""2022-06-03 08:00:00"";""2022-06-03 12:00:00"";""2022-06-04 12:00:00"";""2022-06-04 16:00:00"""
"23;11;""2022-05-30 12:00:00"";""2022-05-30 16:00:00"";""2022-05-31 08:00:00"";""2022-05-31 12:00:00"";""2022-06-01 12:00:00"";""2022-06-01 16:00:00"";""2022-06-02 08:00:00"";""2022-06-02 12:00:00"";""2022-06-03 12:00:00"";""2022-06-03 16:00:00"";""2022-06-04 08:00:00"";""2022-06-04 12:00:00"""
"23;12;""2022-05-30 12:00:00"";""2022-05-30 16:00:00"";""2022-05-31 08:00:00"";""2022-05-31 12:00:00"";""2022-06-01 12:00:00"";""2022-06-01 16:00:00"";""2022-06-02 08:00:00"";""2022-06-02 12:00:00"";""2022-06-03 12:00:00"";""2022-06-03 16:00:00"";""2022-06-04 08:00:00"";""2022-06-04 12:00:00"""
"23;13;""2022-05-30 08:00:00"";""2022-05-30 12:00:00"";""2022-05-31 12:00:00"";""2022-05-31 16:00:00"";""2022-06-01 08:00:00"";""2022-06-01 12:00:00"";""2022-06-02 12:00:00"";""2022-06-02 16:00:00"";""2022-06-03 08:00:00"";""2022-06-03 12:00:00"";""2022-06-04 12:00:00"";""2022-06-04 16:00:00"""
"23;14;""2022-05-30 12:00:00"";""2022-05-30 16:00:00"";""2022-05-31 08:00:00"";""2022-05-31 12:00:00"";""2022-06-01 12:00:00"";""2022-06-01 16:00:00"";""2022-06-02 08:00:00"";""2022-06-02 12:00:00"";""2022-06-03 12:00:00"";""2022-06-03 16:00:00"";""2022-06-04 08:00:00"";""2022-06-04 12:00:00"""
"23;15;""2022-05-30 08:00:00"";""2022-05-30 12:00:00"";""2022-05-31 12:00:00"";""2022-05-31 16:00:00"";""2022-06-01 08:00:00"";""2022-06-01 12:00:00"";""2022-06-02 12:00:00"";""2022-06-02 16:00:00"";""2022-06-03 08:00:00"";""2022-06-03 12:00:00"";""2022-06-04 12:00:00"";""2022-06-04 16:00:00"""
"23;16;""2022-05-30 08:00:00"";""2022-05-30 12:00:00"";""2022-05-31 12:00:00"";""2022-05-31 16:00:00"";""2022-06-01 08:00:00"";""2022-06-01 12:00:00"";""2022-06-02 12:00:00"";""2022-06-02 16:00:00"";""2022-06-03 08:00:00"";""2022-06-03 12:00:00"";""2022-06-04 12:00:00"";""2022-06-04 16:00:00"""
"23;17;""2022-05-30 12:00:00"";""2022-05-30 16:00:00"";""2022-05-31 08:00:00"";""2022-05-31 12:00:00"";""2022-06-01 12:00:00"";""2022-06-01 16:00:00"";""2022-06-02 08:00:00"";""2022-06-02 12:00:00"";""2022-06-03 12:00:00"";""2022-06-03 16:00:00"";""2022-06-04 08:00:00"";""2022-06-04 12:00:00"""
"23;18;""2022-05-30 08:00:00"";""2022-05-30 17:00:00"";""2022-05-31 08:00:00"";""2022-05-31 17:00:00"";""2022-06-01 08:00:00"";""2022-06-01 17:00:00"";"""";"""";""2022-06-03 08:00:00"";""2022-06-03 17:00:00"";""2022-06-04 08:00:00"";""2022-06-04 17:00:00"""
"23;19;""2022-05-30 08:00:00"";""2022-05-30 17:00:00"";""2022-05-31 08:00:00"";""2022-05-31 17:00:00"";""2022-06-01 08:00:00"";""2022-06-01 17:00:00"";""2022-06-02 08:00:00"";""2022-06-02 17:00:00"";"""";"""";""2022-06-04 08:00:00"";""2022-06-04 17:00:00"""
"23;20;"""";"""";""2022-05-31 08:00:00"";""2022-05-31 17:00:00"";""2022-06-01 08:00:00"";""2022-06-01 17:00:00"";""2022-06-02 08:00:00"";""2022-06-02 17:00:00"";""2022-06-03 08:00:00"";""2022-06-03 17:00:00"";""2022-06-04 08:00:00"";""2022-06-04 17:00:00"""
"23;21;""2022-05-30 12:00:00"";""2022-05-30 16:00:00"";""2022-05-31 08:00:00"";""2022-05-31 12:00:00"";""2022-06-01 12:00:00"";""2022-06-01 16:00:00"";""2022-06-02 08:00:00"";""2022-06-02 12:00:00"";""2022-06-03 12:00:00"";""2022-06-03 16:00:00"";""2022-06-04 08:00:00"";""2022-06-04 12:00:00"""
"24;1;""2022-06-06 08:00:00"";""2022-06-06 12:00:00"";""2022-06-07 12:00:00"";""2022-06-07 16:00:00"";""2022-06-08 08:00:00"";""2022-06-08 12:00:00"";""2022-06-09 12:00:00"";""2022-06-09 16:00:00"";""2022-06-10 08:00:00"";""2022-06-10 12:00:00"";""2022-06-11 12:00:00"";""2022-06-11 16:00:00"""
"24;2;""2022-06-06 08:00:00"";""2022-06-06 17:00:00"";""2022-06-07 08:00:00"";""2022-06-07 17:00:00"";"""";"""";""2022-06-09 08:00:00"";""2022-06-09 17:00:00"";""2022-06-10 08:00:00"";""2022-06-10 17:00:00"";""2022-06-11 08:00:00"";""2022-06-11 17:00:00"""
"24;3;""2022-06-06 12:00:00"";""2022-06-06 16:00:00"";""2022-06-07 08:00:00"";""2022-06-07 12:00:00"";""2022-06-08 12:00:00"";""2022-06-08 16:00:00"";""2022-06-09 08:00:00"";""2022-06-09 12:00:00"";""2022-06-10 12:00:00"";""2022-06-10 16:00:00"";""2022-06-11 08:00:00"";""2022-06-11 12:00:00"""
"24;4;"""";"""";""2022-06-07 08:00:00"";""2022-06-07 17:00:00"";""2022-06-08 08:00:00"";""2022-06-08 17:00:00"";""2022-06-09 08:00:00"";""2022-06-09 17:00:00"";""2022-06-10 08:00:00"";""2022-06-10 17:00:00"";""2022-06-11 08:00:00"";""2022-06-11 17:00:00"""
"24;5;""2022-06-06 12:00:00"";""2022-06-06 16:00:00"";""2022-06-07 08:00:00"";""2022-06-07 12:00:00"";""2022-06-08 12:00:00"";""2022-06-08 16:00:00"";""2022-06-09 08:00:00"";""2022-06-09 12:00:00"";""2022-06-10 12:00:00"";""2022-06-10 16:00:00"";""2022-06-11 08:00:00"";""2022-06-11 12:00:00"""
"24;6;""2022-06-06 08:00:00"";""2022-06-06 12:00:00"";""2022-06-07 12:00:00"";""2022-06-07 16:00:00"";""2022-06-08 08:00:00"";""2022-06-08 12:00:00"";""2022-06-09 12:00:00"";""2022-06-09 16:00:00"";""2022-06-10 08:00:00"";""2022-06-10 12:00:00"";""2022-06-11 12:00:00"";""2022-06-11 16:00:00"""
"24;7;""2022-06-06 08:00:00"";""2022-06-06 17:00:00"";"""";"""";""2022-06-08 08:00:00"";""2022-06-08 17:00:00"";""2022-06-09 08:00:00"";""2022-06-09 17:00:00"";""2022-06-10 08:00:00"";""2022-06-10 17:00:00"";""2022-06-11 08:00:00"";""2022-06-11 17:00:00"""
"24;8;""2022-06-06 08:00:00"";""2022-06-06 12:00:00"";""2022-06-07 12:00:00"";""2022-06-07 16:00:00"";""2022-06-08 08:00:00"";""2022-06-08 12:00:00"";""2022-06-09 12:00:00"";""2022-06-09 16:00:00"";""2022-06-10 08:00:00"";""2022-06-10 12:00:00"";""2022-06-11 12:00:00"";""2022-06-11 16:00:00"""
"24;9;""2022-06-06 08:00:00"";""2022-06-06 12:00:00"";""2022-06-07 12:00:00"";""2022-06-07 16:00:00"";""2022-06-08 08:00:00"";""2022-06-08 12:00:00"";""2022-06-09 12:00:00"";""2022-06-09 16:00:00"";""2022-06-10 08:00:00"";""2022-06-10 12:00:00"";""2022-06-11 12:00:00"";""2022-06-11 16:00:00"""
"24;10;""2022-06-06 08:00:00"";""2022-06-06 12:00:00"";""2022-06-07 12:00:00"";""2022-06-07 16:00:00"";""2022-06-08 08:00:00"";""2022-06-08 12:00:00"";""2022-06-09 12:00:00"";""2022-06-09 16:00:00"";""2022-06-10 08:00:00"";""2022-06-10 12:00:00"";""2022-06-11 12:00:00"";""2022-06-11 16:00:00"""
"24;11;""2022-06-06 12:00:00"";""2022-06-06 16:00:00"";""2022-06-07 08:00:00"";""2022-06-07 12:00:00"";""2022-06-08 12:00:00"";""2022-06-08 16:00:00"";""2022-06-09 08:00:00"";""2022-06-09 12:00:00"";""2022-06-10 12:00:00"";""2022-06-10 16:00:00"";""2022-06-11 08:00:00"";""2022-06-11 12:00:00"""
"24;12;""2022-06-06 12:00:00"";""2022-06-06 16:00:00"";""2022-06-07 08:00:00"";""2022-06-07 12:00:00"";""2022-06-08 12:00:00"";""2022-06-08 16:00:00"";""2022-06-09 08:00:00"";""2022-06-09 12:00:00"";""2022-06-10 12:00:00"";""2022-06-10 16:00:00"";""2022-06-11 08:00:00"";""2022-06-11 12:00:00"""
"24;13;""2022-06-06 08:00:00"";""2022-06-06 12:00:00"";""2022-06-07 12:00:00"";""2022-06-07 16:00:00"";""2022-06-08 08:00:00"";""2022-06-08 12:00:00"";""2022-06-09 12:00:00"";""2022-06-09 16:00:00"";""2022-06-10 08:00:00"";""2022-06-10 12:00:00"";""2022-06-11 12:00:00"";""2022-06-11 16:00:00"""
"24;14;""2022-06-06 12:00:00"";""2022-06-06 16:00:00"";""2022-06-07 08:00:00"";""2022-06-07 12:00:00"";""2022-06-08 12:00:00"";""2022-06-08 16:00:00"";""2022-06-09 08:00:00"";""2022-06-09 12:00:00"";""2022-06-10 12:00:00"";""2022-06-10 16:00:00"";""2022-06-11 08:00:00"";""2022-06-11 12:00:00"""
"24;15;""2022-06-06 08:00:00"";""2022-06-06 12:00:00"";""2022-06-07 12:00:00"";""2022-06-07 16:00:00"";""2022-06-08 08:00:00"";""2022-06-08 12:00:00"";""2022-06-09 12:00:00"";""2022-06-09 16:00:00"";""2022-06-10 08:00:00"";""2022-06-10 12:00:00"";""2022-06-11 12:00:00"";""2022-06-11 16:00:00"""
"24;16;""2022-06-06 08:00:00"";""2022-06-06 12:00:00"";""2022-06-07 12:00:00"";""2022-06-07 16:00:00"";""2022-06-08 08:00:00"";""2022-06-08 12:00:00"";""2022-06-09 12:00:00"";""2022-06-09 16:00:00"";""2022-06-10 08:00:00"";""2022-06-10 12:00:00"";""2022-06-11 12:00:00"";""2022-06-11 16:00:00"""
"24;17;""2022-06-06 12:00:00"";""2022-06-06 16:00:00"";""2022-06-07 08:00:00"";""2022-06-07 12:00:00"";""2022-06-08 12:00:00"";""2022-06-08 16:00:00"";""2022-06-09 08:00:00"";""2022-06-09 12:00:00"";""2022-06-10 12:00:00"";""2022-06-10 16:00:00"";""2022-06-11 08:00:00"";""2022-06-11 12:00:00"""
"24;18;""2022-06-06 08:00:00"";""2022-06-06 17:00:00"";""2022-06-07 08:00:00"";""2022-06-07 17:00:00"";""2022-06-08 08:00:00"";""2022-06-08 17:00:00"";"""";"""";""2022-06-10 08:00:00"";""2022-06-10 17:00:00"";""2022-06-11 08:00:00"";""2022-06-11 17:00:00"""
"24;19;""2022-06-06 08:00:00"";""2022-06-06 17:00:00"";""2022-06-07 08:00:00"";""2022-06-07 17:00:00"";""2022-06-08 08:00:00"";""2022-06-08 17:00:00"";""2022-06-09 08:00:00"";""2022-06-09 17:00:00"";"""";"""";""2022-06-11 08:00:00"";""2022-06-11 17:00:00"""
"24;20;"""";"""";""2022-06-07 08:00:00"";""2022-06-07 17:00:00"";""2022-06-08 08:00:00"";""2022-06-08 17:00:00"";""2022-06-09 08:00:00"";""2022-06-09 17:00:00"";""2022-06-10 08:00:00"";""2022-06-10 17:00:00"";""2022-06-11 08:00:00"";""2022-06-11 17:00:00"""
"24;21;""2022-06-06 12:00:00"";""2022-06-06 16:00:00"";""2022-06-07 08:00:00"";""2022-06-07 12:00:00"";""2022-06-08 12:00:00"";""2022-06-08 16:00:00"";""2022-06-09 08:00:00"";""2022-06-09 12:00:00"";""2022-06-10 12:00:00"";""2022-06-10 16:00:00"";""2022-06-11 08:00:00"";""2022-06-11 12:00:00"""
"25;1;""2022-06-13 08:00:00"";""2022-06-13 12:00:00"";""2022-06-14 12:00:00"";""2022-06-14 16:00:00"";""2022-06-15 08:00:00"";""2022-06-15 12:00:00"";""2022-06-16 12:00:00"";""2022-06-16 16:00:00"";""2022-06-17 08:00:00"";""2022-06-17 12:00:00"";""2022-06-18 12:00:00"";""2022-06-18 16:00:00"""
"25;2;""2022-06-13 08:00:00"";""2022-06-13 17:00:00"";""2022-06-14 08:00:00"";""2022-06-14 17:00:00"";"""";"""";""2022-06-16 08:00:00"";""2022-06-16 17:00:00"";""2022-06-17 08:00:00"";""2022-06-17 17:00:00"";""2022-06-18 08:00:00"";""2022-06-18 17:00:00"""
"25;3;""2022-06-13 12:00:00"";""2022-06-13 16:00:00"";""2022-06-14 08:00:00"";""2022-06-14 12:00:00"";""2022-06-15 12:00:00"";""2022-06-15 16:00:00"";""2022-06-16 08:00:00"";""2022-06-16 12:00:00"";""2022-06-17 12:00:00"";""2022-06-17 16:00:00"";""2022-06-18 08:00:00"";""2022-06-18 12:00:00"""
"25;4;"""";"""";""2022-06-14 08:00:00"";""2022-06-14 17:00:00"";""2022-06-15 08:00:00"";""2022-06-15 17:00:00"";""2022-06-16 08:00:00"";""2022-06-16 17:00:00"";""2022-06-17 08:00:00"";""2022-06-17 17:00:00"";""2022-06-18 08:00:00"";""2022-06-18 17:00:00"""
"25;5;""2022-06-13 12:00:00"";""2022-06-13 16:00:00"";""2022-06-14 08:00:00"";""2022-06-14 12:00:00"";""2022-06-15 12:00:00"";""2022-06-15 16:00:00"";""2022-06-16 08:00:00"";""2022-06-16 12:00:00"";""2022-06-17 12:00:00"";""2022-06-17 16:00:00"";""2022-06-18 08:00:00"";""2022-06-18 12:00:00"""
"25;6;""2022-06-13 08:00:00"";""2022-06-13 12:00:00"";""2022-06-14 12:00:00"";""2022-06-14 16:00:00"";""2022-06-15 08:00:00"";""2022-06-15 12:00:00"";""2022-06-16 12:00:00"";""2022-06-16 16:00:00"";""2022-06-17 08:00:00"";""2022-06-17 12:00:00"";""2022-06-18 12:00:00"";""2022-06-18 16:00:00"""
"25;7;""2022-06-13 08:00:00"";""2022-06-13 17:00:00"";"""";"""";""2022-06-15 08:00:00"";""2022-06-15 17:00:00"";""2022-06-16 08:00:00"";""2022-06-16 17:00:00"";""2022-06-17 08:00:00"";""2022-06-17 17:00:00"";""2022-06-18 08:00:00"";""2022-06-18 17:00:00"""
"25;8;""2022-06-13 08:00:00"";""2022-06-13 12:00:00"";""2022-06-14 12:00:00"";""2022-06-14 16:00:00"";""2022-06-15 08:00:00"";""2022-06-15 12:00:00"";""2022-06-16 12:00:00"";""2022-06-16 16:00:00"";""2022-06-17 08:00:00"";""2022-06-17 12:00:00"";""2022-06-18 12:00:00"";""2022-06-18 16:00:00"""
"25;9;""2022-06-13 08:00:00"";""2022-06-13 12:00:00"";""2022-06-14 12:00:00"";""2022-06-14 16:00:00"";""2022-06-15 08:00:00"";""2022-06-15 12:00:00"";""2022-06-16 12:00:00"";""2022-06-16 16:00:00"";""2022-06-17 08:00:00"";""2022-06-17 12:00:00"";""2022-06-18 12:00:00"";""2022-06-18 16:00:00"""
"25;10;""2022-06-13 08:00:00"";""2022-06-13 12:00:00"";""2022-06-14 12:00:00"";""2022-06-14 16:00:00"";""2022-06-15 08:00:00"";""2022-06-15 12:00:00"";""2022-06-16 12:00:00"";""2022-06-16 16:00:00"";""2022-06-17 08:00:00"";""2022-06-17 12:00:00"";""2022-06-18 12:00:00"";""2022-06-18 16:00:00"""
"25;11;""2022-06-13 12:00:00"";""2022-06-13 16:00:00"";""2022-06-14 08:00:00"";""2022-06-14 12:00:00"";""2022-06-15 12:00:00"";""2022-06-15 16:00:00"";""2022-06-16 08:00:00"";""2022-06-16 12:00:00"";""2022-06-17 12:00:00"";""2022-06-17 16:00:00"";""2022-06-18 08:00:00"";""2022-06-18 12:00:00"""
"25;12;""2022-06-13 12:00:00"";""2022-06-13 16:00:00"";""2022-06-14 08:00:00"";""2022-06-14 12:00:00"";""2022-06-15 12:00:00"";""2022-06-15 16:00:00"";""2022-06-16 08:00:00"";""2022-06-16 12:00:00"";""2022-06-17 12:00:00"";""2022-06-17 16:00:00"";""2022-06-18 08:00:00"";""2022-06-18 12:00:00"""
"25;13;""2022-06-13 08:00:00"";""2022-06-13 12:00:00"";""2022-06-14 12:00:00"";""2022-06-14 16:00:00"";""2022-06-15 08:00:00"";""2022-06-15 12:00:00"";""2022-06-16 12:00:00"";""2022-06-16 16:00:00"";""2022-06-17 08:00:00"";""2022-06-17 12:00:00"";""2022-06-18 12:00:00"";""2022-06-18 16:00:00"""
"25;14;""2022-06-13 12:00:00"";""2022-06-13 16:00:00"";""2022-06-14 08:00:00"";""2022-06-14 12:00:00"";""2022-06-15 12:00:00"";""2022-06-15 16:00:00"";""2022-06-16 08:00:00"";""2022-06-16 12:00:00"";""2022-06-17 12:00:00"";""2022-06-17 16:00:00"";""2022-06-18 08:00:00"";""2022-06-18 12:00:00"""
"25;15;""2022-06-13 08:00:00"";""2022-06-13 12:00:00"";""2022-06-14 12:00:00"";""2022-06-14 16:00:00"";""2022-06-15 08:00:00"";""2022-06-15 12:00:00"";""2022-06-16 12:00:00"";""2022-06-16 16:00:00"";""2022-06-17 08:00:00"";""2022-06-17 12:00:00"";""2022-06-18 12:00:00"";""2022-06-18 16:00:00"""
"25;16;""2022-06-13 08:00:00"";""2022-06-13 12:00:00"";""2022-06-14 12:00:00"";""2022-06-14 16:00:00"";""2022-06-15 08:00:00"";""2022-06-15 12:00:00"";""2022-06-16 12:00:00"";""2022-06-16 16:00:00"";""2022-06-17 08:00:00"";""2022-06-17 12:00:00"";""2022-06-18 12:00:00"";""2022-06-18 16:00:00"""
"25;17;""2022-06-13 12:00:00"";""2022-06-13 16:00:00"";""2022-06-14 08:00:00"";""2022-06-14 12:00:00"";""2022-06-15 12:00:00"";""2022-06-15 16:00:00"";""2022-06-16 08:00:00"";""2022-06-16 12:00:00"";""2022-06-17 12:00:00"";""2022-06-17 16:00:00"";""2022-06-18 08:00:00"";""2022-06-18 12:00:00"""
"25;18;""2022-06-13 08:00:00"";""2022-06-13 17:00:00"";""2022-06-14 08:00:00"";""2022-06-14 17:00:00"";""2022-06-15 08:00:00"";""2022-06-15 17:00:00"";"""";"""";""2022-06-17 08:00:00"";""2022-06-17 17:00:00"";""2022-06-18 08:00:00"";""2022-06-18 17:00:00"""
"25;19;""2022-06-13 08:00:00"";""2022-06-13 17:00:00"";""2022-06-14 08:00:00"";""2022-06-14 17:00:00"";""2022-06-15 08:00:00"";""2022-06-15 17:00:00"";""2022-06-16 08:00:00"";""2022-06-16 17:00:00"";"""";"""";""2022-06-18 08:00:00"";""2022-06-18 17:00:00"""
"25;20;"""";"""";""2022-06-14 08:00:00"";""2022-06-14 17:00:00"";""2022-06-15 08:00:00"";""2022-06-15 17:00:00"";""2022-06-16 08:00:00"";""2022-06-16 17:00:00"";""2022-06-17 08:00:00"";""2022-06-17 17:00:00"";""2022-06-18 08:00:00"";""2022-06-18 17:00:00"""
"25;21;""2022-06-13 12:00:00"";""2022-06-13 16:00:00"";""2022-06-14 08:00:00"";""2022-06-14 12:00:00"";""2022-06-15 12:00:00"";""2022-06-15 16:00:00"";""2022-06-16 08:00:00"";""2022-06-16 12:00:00"";""2022-06-17 12:00:00"";""2022-06-17 16:00:00"";""2022-06-18 08:00:00"";""2022-06-18 12:00:00"""
